n_ID	s_Trigger_NAME	s_Trigger_TIP	s_Trigger_Fail_Message	s_Trigger_Success_Message
1	Human Cannon	ยิงไปที่ที่ท่านต้องการ\n[วิธีใช้: ดับเบิ้ลคลิกซ้าย] 		
2	Edmund Hidden Treasure	ซ่อนไม่ค่อยดีเท่าไหร่นะ...\n[วิธีใช้: ดับเบิ้ลคลิกซ้าย] 	เหมือนข้าจะติด...	
3	Seafood Cargo	กลิ่นคาวปลา...\n[วิธีใช้: ดับเบิ้ลคลิกซ้าย] 	ถึงจะเป็นผู้กล้าแต่ก็ไม่ควรหยิบของคนอื่นไปทั่วนะ!	
4	Poison Cactus	ใบนี้...มีพิษ...\n[วิธีใช้: ดับเบิ้ลคลิกซ้าย] 	ข้าบอกแล้วว่ามีพิษ...	
5	Hidden Treasure	ซ่อนไม่ค่อยดีเท่าไหร่นะ...\n[วิธีใช้: ดับเบิ้ลคลิกซ้าย] 	เหมือนข้าจะติด...	
6	Seaside Coconut Tree	ลำต้นช่วยดับกระหาย\n[วิธีใช้: ดับเบิ้ลคลิกซ้าย] 	มะพร้าวเหมือนจะยังไม่สุก...	
7	Viper Wicket	เข้าดันเจี้ยน Viper Wicket\n(แนะนำ: 2 คน เลเวล 25 ขึ้นไป)\n[วิธีใช้: ดับเบิ้ลคลิกซ้าย] 	ปัจจุบันยังไม่สามารถเข้าได้	
8	New Species Cactus	ก้างแข็งไปหน่อย\n[วิธีใช้: ดับเบิ้ลคลิกซ้าย] 		
9	Spice Pack	กลิ่นดอกไม้บางเบา...\n[วิธีใช้: ดับเบิ้ลคลิกซ้าย] 	ถึงจะเป็นผู้กล้าแต่ก็ไม่ควรหยิบของคนอื่นไปทั่วนะ!	
10	Prison Large Pot	ท่านจะต้องอยากรู้ว่าใส่อะไรลงไป...\n[วิธีใช้: ดับเบิ้ลคลิกซ้าย] 	ยังทำไม่เสร็จ...	ท่านได้กลิ่นหอม...
11	Fishing Rod	ใช้ในการตกปลา\n[วิธีใช้: ดับเบิ้ลคลิกซ้าย] 		ปลาติดแล้ว!
12	Drift Wooden box	ไม่ต้องหวังว่าจะมีของดี\n[วิธีใช้: ดับเบิ้ลคลิกซ้าย] 		ในถังมีหนังสือเปียกน้ำอยู่...
13	Firefly Glow Grass	จริงๆมันก็ไม่มีอะไรแตกต่าง\n[วิธีใช้: ดับเบิ้ลคลิกซ้าย] 		
14	Paradise Flower	เส้นทางไปสวรรค์\n[วิธีใช้: ดับเบิ้ลคลิกซ้าย] 	ข้าบอกแล้วว่ามีพิษ...	
15	Red Mushroom	กินแล้วอยากจะร้องรำทำเพลง...\n[วิธีใช้: ดับเบิ้ลคลิกซ้าย] 	ข้าบอกแล้วว่ามีพิษ...	
16	Big Glow grass	เดือนที่ 10\n[วิธีใช้: ดับเบิ้ลคลิกซ้าย] 	ข้าบอกแล้วว่ามีพิษ...	
17	Elder Stone	เมื่อใช้สามารถวาร์ปในอากาษได้ แต่ไม่รับรองว่าจะไปได้ทั้งตัวนะ\n[วิธีใช้：ดับเบิ้ลคลิกซ้าย]	จะให้ดูอีกร้อยปีก็ดูไม่ออกหรอก ...	
18	Glyphed Crystal Plate	สามารถใช้ในการข้ามผ่าน แต่ไม่รับรองว่าจะไปทั้งตัวรึเปล่า\n[วิธีใช้: ดับเบิ้ลคลิกซ้าย] 		
19	Scrapped Alert Weapon	อาจยังใช้งานได้อยู่\n[วิธีใช้: ดับเบิ้ลคลิกซ้าย] 	...ก็ได้! เสียก็เสีย...	
20	Hive	มันอาจลุกขึ้นมาโจมตีก็ได้\n[วิธีใช้: ดับเบิ้ลคลิกซ้าย] 	คิดสิ!	ก็บอกแล้วว่าอย่าเพิ่งยุ่ง...
21	Sun Soldier Statue	มันขยับได้!\n[วิธีใช้: ดับเบิ้ลคลิกซ้าย] 		
22	Dowry Box	ไม่ใช่เจ้าหน้าที่ห้ามเปิด!\n[วิธีใช้: ดับเบิ้ลคลิกซ้าย] 	ถึงจะเป็นผู้กล้าแต่ก็ไม่ควรหยิบของคนอื่นไปทั่วนะ!	
23	Special Pineapple	กินลิ้นแล้วจะเจ็บ...\n[วิธีใช้: ดับเบิ้ลคลิกซ้าย] 	เหมือนจะยังไม่สุกนะ...	
24	Wildlife Lair	เคาะต้นไม้\n[วิธีใช้: ดับเบิ้ลคลิกซ้าย] 		ท่านรู้สึกว่ามีพลังบางอย่างอยู่ด้านหลัง...
25	Suspicious Boat	ไม่มีอะไรน่าสงสัย...\n[วิธีใช้: ดับเบิ้ลคลิกซ้าย] 	ไม่มีประโยชน์ใดๆ...	
26	Whirlwind Altar	มันจะดีดท่านกลับออกมา\n[วิธีใช้: เหยียบขึ้นไป] 		
27	Float Crystal	ไม่รู้เหมือนกันว่านั่นมันคืออะไร\n[วิธีใช้: ร่างกายสัมผัส] 		
28	Excited Miscanthus	โดนทำร้านแล้วจะรู้ว่ามันน่าตื่นเต้นแค่ไหน\n[วิธีใช้: ดับเบิ้ลคลิกซ้าย] 	ข้าบอกแล้วว่ามีพิษ...	
29	Poison Reed	กินเข้าไปก็พอ\n[วิธีใช้: ดับเบิ้ลคลิกซ้าย] 	ไม่มีประโยชน์ใดๆ...	
30	Swamp White Mushrooms	วัตถุดิบในการทำสุกี้ทั่วไป\n[วิธีใช้: ดับเบิ้ลคลิกซ้าย] 	ยังไม่หิว...	
31	Swamp Chest	ไม่มีอะไรซ่อนไว้\n[วิธีใช้: ดับเบิ้ลคลิกซ้าย] 	เหมือนข้าจะติด...	
32	Bones Heap	คนที่ตายจะมาอยู่ที่นี่\n[วิธีใช้: ดับเบิ้ลคลิกซ้าย] 	ให้มันพักผ่อนเถอะ!	
33	War Horn	เสียงของแตรจะดึงดูดความสนใจสัตว์ร้าย\n[วิธีใช้: ดับเบิ้ลคลิกซ้าย] 	ไม่มีประโยชน์ใดๆ...	
34	Chamber Spices Barrel	ห้ามเปิดม...เอ๋? ถูกเปิดแล้วนี่\n[วิธีใช้: ดับเบิ้ลคลิกซ้าย] 	ถึงจะเป็นผู้กล้าแต่ก็ไม่ควรหยิบของคนอื่นไปทั่วนะ!	
35	Thorn Flower	สามารถแก้พิษได้\n[วิธีใช้: ดับเบิ้ลคลิกซ้าย] 	ข้าบอกแล้วว่ามีพิษ...	
36	Offer Altar	ไม่ให้เจ้าเป็นของบูชายันต์หรอก\n[วิธีใช้: เหยียบขึ้นไป] 		ท่านรู้สึกว่ามีพลังบางอย่างอยู่ด้านหลัง...
37	Stowaway Box	มันเปิดจริงๆ\n[วิธีใช้: ดับเบิ้ลคลิกซ้าย] 	ถึงจะเป็นผู้กล้าแต่ก็ไม่ควรหยิบของคนอื่นไปทั่วนะ!	
38	Fruit Barrel	ห้ามขโมยกิน!\n[วิธีใช้: ดับเบิ้ลคลิกซ้าย] 		
39	Bridge Tinderbox	ห้ามสูบบุหรี่!\n[วิธีใช้: ดับเบิ้ลคลิกซ้าย] 	ถึงจะเป็นผู้กล้าแต่ก็ไม่ควรหยิบของคนอื่นไปทั่วนะ!	
40	Black Braid Landmine	อาจมีระเบิดได้\n[วิธีใช้: ดับเบิ้ลคลิกซ้าย] 		
41	First Door Protect City Cannon	ใส่ลูกปืนเสร็จแล้ว\n[วิธีใช้: ดับเบิ้ลคลิกซ้าย] 		
42	Admiral Red Beard Weapon Box	ห้ามสูบบุหรี่!\n[วิธีใช้: ดับเบิ้ลคลิกซ้าย] 	ถึงจะเป็นผู้กล้าแต่ก็ไม่ควรหยิบของคนอื่นไปทั่วนะ!	
43	Pirate Position	มันง่ายมากๆ\n[วิธีใช้: ดับเบิ้ลคลิกซ้าย] 		
44	Fly Altar	ให้โอกาสท่านบิน\n[วิธีใช้: เหยียบขึ้นไป] 		
45	Underground Mineral Vein	จะเป็นทองหรืออะไร ขุดไม่เจอหรอก\n[วิธีใช้: ดับเบิ้ลคลิกซ้าย] 		
46	Alchemy Furnace	ห้ามแตะ ร้อน!\n[วิธีใช้: ดับเบิ้ลคลิกซ้าย] 	ไม่มีอะไรพิเศษ	
47	Fortress Cannon	ใส่ลูกปืนเสร็จแล้ว\n[วิธีใช้: ดับเบิ้ลคลิกซ้าย] 	ไม่มีอะไรพิเศษ	
48	Captive Cage	ปล่อยหมาออกมา!\n[วิธีใช้: ดับเบิ้ลคลิกซ้าย] 	ไม่มีอะไรพิเศษ	
49	Cave Mushroom	เรียกอีกอย่างว่าเห็ดแอปริคอท\n[วิธีใช้: ดับเบิ้ลคลิกซ้าย] 	ยังไม่หิว...	
50	Feed Cage	อาจมีเหตุการณ์พิเศษเกิดขึ้น\n[วิธีใช้: ดับเบิ้ลคลิกซ้าย] 	ไม่มีอะไรพิเศษ	ท่านรู้สึกว่ามีพลังบางอย่างอยู่ด้านหลัง...
51	Magic Egg	เดือดปุดปุด...\n[วิธีใช้: ดับเบิ้ลคลิกซ้าย] 	ไม่รู้ว่ามีประโยชน์อะไร	
52	Harem Potion Pot	หนูตาย...\n[วิธีใช้: ดับเบิ้ลคลิกซ้าย] 	ยังทำไม่เสร็จ...	ท่านรู้สึกว่ามีกลิ่นกำลังโชยมา...
53	Sailor Miscellaneous Pot	ท่านไม่อยากรู้หรอกว่าใส่อะไรลงไป...\n[วิธีใช้: ดับเบิ้ลคลิกซ้าย] 	ยังทำไม่เสร็จ...	ท่านได้กลิ่นหอม...
54	Private Gold	เปิดจริงๆ\n[วิธีใช้: ดับเบิ้ลคลิกซ้าย] 	ถึงจะเป็นผู้กล้าแต่ก็ไม่ควรหยิบของคนอื่นไปทั่วนะ!	
55	Smuggling Gold	เปิดจริงๆ\n[วิธีใช้: ดับเบิ้ลคลิกซ้าย] 	ถึงจะเป็นผู้กล้าแต่ก็ไม่ควรหยิบของคนอื่นไปทั่วนะ!	
56	Smuggling Container	เปิดจริงๆ\n[วิธีใช้: ดับเบิ้ลคลิกซ้าย] 	ถึงจะเป็นผู้กล้าแต่ก็ไม่ควรหยิบของคนอื่นไปทั่วนะ!	
57	Black Charm Demon Flower	มันจะทำให้คนเกิดภาพหลอน อย่ากินมัน!\n[วิธีใช้: ดับเบิ้ลคลิกซ้าย] 	ดอกไม้ที่ไม่รู้จัก อย่าเด็ดมันล่ะ!	
58	Old Tombstone	[อภัยให้ไม่ได้!] \n[วิธีใช้: ดับเบิ้ลคลิกซ้าย] 		
59	Voodoo Curse Doll	หุ่นไล่ก่าและแสงเพลิง\n[วิธีใช้: ดับเบิ้ลคลิกซ้าย] 	ไม่รู้ว่ามีประโยชน์อะไร?	
60	Tribe Camp Fire	ไม่ใช่เพียงสามารถปิ้งย่างได้เท่านั้น\n[วิธีใช้: ดับเบิ้ลคลิกซ้าย] 	ไม่มีอะไรพิเศษ	
61	Voodoo Tribe Totem	ตำนานกล่าวว่าTotemมีพลังแฝงอยู่\n[วิธีใช้: ดับเบิ้ลคลิกซ้าย] 	ไม่รู้ว่ามีประโยชน์อะไร?	
62	Patriarch Chest	จะต้องซ่อนให้ดี\n[วิธีใช้: ดับเบิ้ลคลิกซ้าย] 	เหมือนข้าจะติด...	
63	Suspicious Grave	[ถ้าเป็นไปได้ ช่วยปลุกข้าที...] \n[วิธีใช้: ดับเบิ้ลคลิกซ้าย] 	ให้มันพักผ่อนเถอะ!	
64	Local Herb	ใครรู้บ้างว่าผลลัพธ์มันจะออกมายังไง?\n[วิธีใช้: ดับเบิ้ลคลิกซ้าย] 	ดอกไม้ที่ไม่รู้จัก อย่าเด็ดมันล่ะ!	
65	Army Cooking Pot	ใส่วัตถุดิบที่ถูกต้อง!\n[วิธีใช้: ดับเบิ้ลคลิกซ้าย] 	ยังทำไม่เสร็จ...	กลิ่นนี้...มัน?
66	Beach Wooden Case	ไม่ต้องหวังว่าจะมีของดี\n[วิธีใช้: ดับเบิ้ลคลิกซ้าย] 	ขายไม่ได้ราคาหรอก	
67	Witches Potion Pan	จิ้งจก 1 ตัว...\n[วิธีใช้: ดับเบิ้ลคลิกซ้าย] 	ยังทำไม่เสร็จ...	ท่านรู้สึกว่ามีกลิ่นกำลังโชยมา...
68	Corpse Flower	ออกมาจากซากศพ..น่ากลัวมาก!\n[วิธีใช้: ดับเบิ้ลคลิกซ้าย] 	ให้มันพักผ่อนเถอะ!	
69	Ground Site Entrance	สิ่งก่อสร้างลึกลับ\n[วิธีใช้: ดับเบิ้ลคลิกซ้าย] 		
70	Sea Phantom Hunting Cage	อย่าปล่อยหมามาทางนี้!\n[วิธีใช้: ดับเบิ้ลคลิกซ้าย] 	ไม่มีอะไรพิเศษ	ท่านรู้สึกว่ามีพลังบางอย่างอยู่ด้านหลัง...
71	Ice Monster Statue	ฝีมือการใช้มีดไม่เลว\n[วิธีใช้: ดับเบิ้ลคลิกซ้าย] 	ไม่มีอะไรพิเศษ	
72	Polar Flower	รู้สึกเย็นๆ\n[วิธีใช้: ดับเบิ้ลคลิกซ้าย] 	ดอกไม้ที่ไม่รู้จัก อย่าเด็ดมันล่ะ!	
73	Port Spice Barrel	ห้ามเปิด...เอ๋? มันเปิดแล้วนี่\n[วิธีใช้: ดับเบิ้ลคลิกซ้าย] 	ถึงจะเป็นผู้กล้าแต่ก็ไม่ควรหยิบของคนอื่นไปทั่วนะ!	
74	Winter Flower	รู้สึกเย็นๆ\n[วิธีใช้: ดับเบิ้ลคลิกซ้าย] 	ดอกไม้ที่ไม่รู้จัก อย่าเด็ดมันล่ะ!	
75	Hunter Miscellaneous Pot	กินสุกี้ในหน้าหนาวมันเยี่ยมจริงๆเลย!\n[วิธีใช้: ดับเบิ้ลคลิกซ้าย] 	ยังทำไม่เสร็จ...	ซุปปลาทำเสร็จแล้ว!
76	Colorful Coral Reef	ไม่รู้ว่ามันคือของประเภทไหน?\n[วิธีใช้: ดับเบิ้ลคลิกซ้าย] 	ดอกไม้ที่ไม่รู้จัก อย่าเด็ดมันล่ะ!	
77	Agreed Pillar	บนโขดหินมีสิ่งของแวววาวอยู่\n[วิธีใช้: ดับเบิ้ลคลิกซ้าย] 	ถึงจะเป็นผู้กล้าแต่ก็ไม่ควรหยิบของคนอื่นไปทั่วนะ!	
78	Ammunition Box	ใส่อาวุธไว้ ต้องใช้กุญแจในการเปิด\n(วิธีใช้: ดับเบิ้ลคลิกซ้าย)	ถึงจะเป็นผู้กล้าแต่ก็ไม่ควรหยิบของคนอื่นไปทั่วนะ!	
79	Food Bucket	ห้ามขโมยกิน!\n[วิธีใช้: ดับเบิ้ลคลิกซ้าย] 	ถึงจะเป็นผู้กล้าแต่ก็ไม่ควรหยิบของคนอื่นไปทั่วนะ!	
80	Skeleton Position	มันง่ายมากๆ\n[วิธีใช้: ดับเบิ้ลคลิกซ้าย] 		
81	Shipwreck Wooden Box	ไม่ต้องหวังว่าจะมีของดี\n[วิธีใช้: ดับเบิ้ลคลิกซ้าย] 	ถึงจะเป็นผู้กล้าแต่ก็ไม่ควรหยิบของคนอื่นไปทั่วนะ!	
82	Cooking Pot	กระดูก 1 แท่ง..เฮ้! มันมาจากไหนกัน!\n[วิธีใช้: ดับเบิ้ลคลิกซ้าย] 	ยังทำไม่เสร็จ...	ท่านรู้สึกว่ามีกลิ่นกำลังโชยมา...
83	Filtering Kettle	นำทะเลแปรสภาพ\n[วิธีใช้: ดับเบิ้ลคลิกซ้าย] 	ไม่มีอะไรพิเศษ	
84	Buried Treasure	อาจมีของดี\n[วิธีใช้: ดับเบิ้ลคลิกซ้าย] 	เหมือนข้าจะติด...	
85	King Tomb	[ก่อนนั้นข้ามีชีวิตอยู่ ตอนนี้ข้าตายแล้ว] \n[วิธีใช้: ดับเบิ้ลคลิกซ้าย] 		
86	Skeleton Treasure Box	อาจมีของดี\n[วิธีใช้: ดับเบิ้ลคลิกซ้าย] 	เหมือนข้าจะติด...	
87	Seabed Crusader Position	มันง่ายมากๆ\n[วิธีใช้: ดับเบิ้ลคลิกซ้าย] 		
88	Hell Grass	รักษาการบาดเจ็บจากความเย็น...ที่นี่ใครต้องการกันล่ะ!\n[วิธีใช้: ดับเบิ้ลคลิกซ้าย] 	ดอกไม้ที่ไม่รู้จัก อย่าเด็ดมันล่ะ!	
89	Flame Crystal	ผลึกที่ไม่สามารถหายไปด้วยความร้อน\n[วิธีใช้: ดับเบิ้ลคลิกซ้าย] 		
90	Feedthrough Small Drill	รูปลักษณ์แปลกประหลาด\n[วิธีใช้: ดับเบิ้ลคลิกซ้าย] 	ไม่มีอะไรพิเศษ	
91	Broken Magic Array	เรียกสิ่งมีชีวิต แต่อาจจะไม่เชื่อง\n[วิธีใช้: เหยียบขึ้นไป] 		
92	Shoreside Rubbish Pack	ไม่ต้องหวังว่าจะมีของดี\n[วิธีใช้: ดับเบิ้ลคลิกซ้าย] 	ไม่มีอะไรพิเศษ	ส่งกลิ่นเหม็น...
93	Hell Pumpkin	รสเผ็ด\n[วิธีใช้: ดับเบิ้ลคลิกซ้าย] 	ดอกไม้ที่ไม่รู้จัก อย่าเด็ดมันล่ะ!	
94	Shellfish	หอยลึกลับ\n[วิธีใช้: ดับเบิ้ลคลิกซ้าย] 	ไม่มีอะไรพิเศษ	
95	Rock Face	มันพ่นไฟได้! ระวัง!\n[วิธีใช้: ดับเบิ้ลคลิกซ้าย] 	ไม่มีอะไรพิเศษ	
96	Holy Fruit	มันแค่แอ๊ปเปิ้ลเอง!\n[วิธีใช้: ดับเบิ้ลคลิกซ้าย] 	ไม่มีอะไรพิเศษ	
97	Snake Hole	เคาะลำต้น\n[วิธีใช้: ดับเบิ้ลคลิกซ้าย] 	เดี๋ยวมันกัดนะ!	ในกางเกงของท่านมีพลังสังหารแฝงอยู่!!
98	Paradise Lost Flower	ประสิทธิภาพไม่แน่ชัด\n[วิธีใช้: ดับเบิ้ลคลิกซ้าย] 	ดอกไม้ที่ไม่รู้จัก อย่าเด็ดมันล่ะ!	
99	Ancient Stone	ก็ยังอ่านไม่ออกอยู่ดี\n[วิธีใช้: ดับเบิ้ลคลิกซ้าย] 	จะให้ดูอีกร้อยปีก็ดูไม่ออกหรอก ...	
100	Holy Spring	มีพลังลึกลับ\n[วิธีใช้: ดับเบิ้ลคลิกซ้าย] 	ไม่มีอะไรพิเศษ	
101	Original Sin Bloodstone	ต้นไม้ที่มีกาฝาก\n[วิธีใช้: ดับเบิ้ลคลิกซ้าย] 	ขยะแขยง!	
102	Slave Cage	กลิ่นอายป่าไม้\n[วิธีใช้: ดับเบิ้ลคลิกซ้าย] 	ให้มันพักผ่อนเถอะ!	ท่านรู้สึกว่ามีพลังบางอย่างอยู่ด้านหลัง...
103	Eden Island Souvenir Box	ไม่ใช่เจ้าหน้าที่ห้ามเปิด!\n[วิธีใช้: ดับเบิ้ลคลิกซ้าย] 	ถึงจะเป็นผู้กล้าแต่ก็ไม่ควรหยิบของคนอื่นไปทั่วนะ!	
104	Holy Fruit Tree	คนในชนเผ่าโตมาด้วยสิ่งนี้\n[วิธีใช้: ดับเบิ้ลคลิกซ้าย] 	ดอกไม้ที่ไม่รู้จัก อย่าเด็ดมันล่ะ!	
105	Pure Spice	กินแล้วจะมีแสงบนหัว\n[วิธีใช้: ดับเบิ้ลคลิกซ้าย] 	ดอกไม้ที่ไม่รู้จัก อย่าเด็ดมันล่ะ!	
106	Holiness Flower	ความชอบของหญิงสาว\n[วิธีใช้: ดับเบิ้ลคลิกซ้าย] 	อันนั้นไม่ได้เอามากินนะ!	
107	War Warning Station	อย่าจุดไฟมั่วสิ\n[วิธีใช้: ดับเบิ้ลคลิกซ้าย] 	อย่าจุดไฟมั่วสิ	
108	Empty Village Fort	ใช้ในการป้องกัน\n[วิธีใช้: ดับเบิ้ลคลิกซ้าย] 	อย่าจุดไฟมั่วดีกว่านะ	
109	Telescope	ทำให้ท่านมองเห็นในระยะไกลได้\n[วิธีใช้: ดับเบิ้ลคลิกซ้าย] 		
110	 Field Guide  Treasure Chest	สะสม Field Guide ของฉากนี้สามารถเปิดได้ และต้องการกุญแจพิเศษ\n[วิธีใช้: ดับเบิ้ลคลิกซ้าย] 	กุญแจนี้เหมือนจะไม่ใช่...	
111	Empty Island Landmine	มันจะช่วยให้ท่านบินไปได้ไกล\n[วิธีใช้: เหยียบขึ้นไป] 		
112	Dungeon[Falling Sun] Entrance	[วิธีใช้: ดับเบิ้ลคลิกซ้าย เพื่อเปิดตัวเลือกระดับความยาก] 		
113	Dungeon[Poseidon Hall] Entrance	[วิธีใช้: ดับเบิ้ลคลิกซ้าย เพื่อเปิดตัวเลือกระดับความยาก] 		
114	Dungeon[Kraken Lair] Entrance	[วิธีใช้: ดับเบิ้ลคลิกซ้าย เพื่อเปิดตัวเลือกระดับความยาก] 		
115	Dungeon[Hell Trial] Entrance	[วิธีใช้: ดับเบิ้ลคลิกซ้าย เพื่อเปิดตัวเลือกระดับความยาก] 		
116	Dungeon[Skyfire Tower] Entrance	[วิธีใช้: ดับเบิ้ลคลิกซ้าย เพื่อเปิดตัวเลือกระดับความยาก] 		
117	Leave Dungeon	[วิธีใช้: สัมผัสแสง] 		
118	Go To[Deep Sea Temple] 1 floor	[วิธีใช้: สัมผัสแสง] 		
119	ไปที่ "Deep Sea Temple" ชั้นที่ 2 จะต้องมีเลเวล 95	[วิธีใช้: สัมผัสแสง] 	เลเวลไม่เพียงพอ!	
120	ไปที่ "Death City Sea"	[วิธีใช้: สัมผัสแสง] 		
121	Original Sin Crystal -[Greed] 	[วิธีใช้: แตะสัมผัส] 		ท่านอยากมีทุกอย่างบนโลก
122	Original Sin Crystal -[Ego] 	[วิธีใช้: แตะสัมผัส] 		ท่านอยากเก่งกว่าใคร
123	Original Sin Crystal -[logic] 	[วิธีใช้: แตะสัมผัส] 		จู่ๆท่านก็หิวขึ้นมาทันที
124	Original Sin Crystal -[Lust] 	[วิธีใช้: แตะสัมผัส] 		ท่านรู้สึกดีกับผู้หญิงข้างๆ
125	Original Sin Crystal -[Rage] 	[วิธีใช้: แตะสัมผัส] 		ในใจของท่านเกิดมีความแค้นบางอย่าง
126	Original Sin Crystal -[Envious] 	[วิธีใช้: แตะสัมผัส] 		ทำไม? ทำไมข้าถึงไม่รับรู้ถึงความสนุก!
127	Original Sin Crystal -[Lazy] 	[วิธีใช้: แตะสัมผัส] 		ท่านรู้สึก...ง่วงนอน...ZZZ...
128	Second Door Protect City Cannon	ใส่ลูกปืนเสร็จแล้ว\n[วิธีใช้: ดับเบิ้ลคลิกซ้าย] 		
129	Third Door Protect City Cannon	ใส่ลูกปืนเสร็จแล้ว\n[วิธีใช้: ดับเบิ้ลคลิกซ้าย] 		
130	Snow Treasure chest	ซ่อนไม่ค่อยดีเท่าไหร่นะ...\n[วิธีใช้: ดับเบิ้ลคลิกซ้าย] 	เหมือนข้าจะติด...	
131	Fishing Tower	ใช้ตก Kraken\n[วิธีใช้: ดับเบิ้ลคลิกซ้าย] 	ทุ่นไม่มีการตอบสนอง	ปลาติดแล้ว!
132	Hunter Horn	ไม่ทราบว่าใช้ประโยชน์อะไรได้\n[วิธีใช้: ดับเบิ้ลคลิกซ้าย] 	ไม่มีประโยชน์ใดๆ...	
133	Kraken Offer Altar	ไม่ให้เจ้าเป็นของบูชายันต์หรอก\n[วิธีใช้: ดับเบิ้ลคลิกซ้าย] 	ไม่มีอะไรพิเศษ	ท่านรู้สึกว่ามีพลังบางอย่างอยู่ด้านหลัง...
134	Death altar	ไม่ให้เจ้าเป็นของบูชายันต์หรอก\n[วิธีใช้: เหยียบขึ้นไป] 		
135	SkeletonLandmine	อาจระเบิดได้\n[วิธีใช้: ดับเบิ้ลคลิกซ้าย] 		
136	Refugees Bones Pile	คนที่ตายจะมาอยู่ที่นี่\n[วิธีใช้: ดับเบิ้ลคลิกซ้าย] 	ให้มันพักผ่อนเถอะ!	
137	Evil Altar	ไม่ให้เจ้าเป็นของบูชายันต์หรอก\n[วิธีใช้: เหยียบขึ้นไป] 		ท่านรู้สึกว่ามีพลังบางอย่างอยู่ด้านหลัง...
138	Weapon Machine	ใช้ง่าย\n[วิธีใช้: ดับเบิ้ลคลิกซ้าย] 	ไม่มีประโยชน์ใดๆ...	
139	Empty Island Holy Spring 	มีพลังลึกลับ\n[วิธีใช้: ดับเบิ้ลคลิกซ้าย] 	ไม่มีอะไรพิเศษ	
140	Cave Bones Pile	คนที่ตายจะมาอยู่ที่นี่\n[วิธีใช้: ดับเบิ้ลคลิกซ้าย] 	ให้มันพักผ่อนเถอะ!	
141	Walled City Tinderbox	ห้ามสูบบุหรี่!\n[วิธีใช้: ดับเบิ้ลคลิกซ้าย] 	ถึงจะเป็นผู้กล้าแต่ก็ไม่ควรหยิบของคนอื่นไปทั่วนะ!	
142	Voodoo altar	ไม่ให้เจ้าเป็นของบูชายันต์หรอก\n[วิธีใช้: ดับเบิ้ลคลิกซ้าย] 		
143	Buried Bones Pile	คนที่ตายจะมาอยู่ที่นี่\n[วิธีใช้: ดับเบิ้ลคลิกซ้าย] 	ให้มันพักผ่อนเถอะ!	
144	Thief Lupin Chest	ซ่อนไม่ค่อยดีเท่าไหร่นะ...\n[วิธีใช้: ดับเบิ้ลคลิกซ้าย] 	เหมือนว่าจะค้าง...	
145				ท่านยังมีเรื่องที่ต้องทำบนเกาะนี้ กรุณาไปคุยกับ Siren ก่อน
146	Mystery Spices Flower	มีกลิ่นหอม\n[วิธีใช้: ดับเบิ้ลคลิกซ้าย] 	ดอกไม้ริมทาง อย่าเด็ดมันล่ะ	ดอกไม้บ้าน ทำไมถึงมีกลิ่นดอกไม้ป่าได้ล่ะ
147	Secret Station	ในความยากระดับ 2 ดาว และเก็บสะสม Field Guide ครบ สามารถเปิดได้		
148	Dungeon[Supernatural  Arena ] Entrance	[วิธีใช้: ดับเบิ้ลคลิกซ้าย เพื่อเปิดตัวเลือกระดับความยาก] 		
149	Scene Sketch	ได้รับชิ้นส่วน Field Guide ของฉากนี้ สามารถใช้ฟังก์ชั่นนี้ได้ทุกๆ 23 ชั่วโมง\n[วิธีใช้: ดับเบิ้ลคลิกซ้าย] 		ท่านได้รับ Field Guide 1 ชิ้น!
150	Weapon Box No.1	ห้ามสูบบุหรี่!\n[วิธีใช้: ดับเบิ้ลคลิกซ้าย] 	ถึงจะเป็นผู้กล้าแต่ก็ไม่ควรหยิบของคนอื่นไปทั่วนะ!	
151	Weapon Box No.2	ห้ามสูบบุหรี่!\n[วิธีใช้: ดับเบิ้ลคลิกซ้าย] 	ถึงจะเป็นผู้กล้าแต่ก็ไม่ควรหยิบของคนอื่นไปทั่วนะ!	
152	 Port Royal 	ไม่จำกัดเลเวล		
153	 Prison Exile Island 	ไม่จำกัดเลเวล		
154	 Spice Paradise Island 	[เข้าได้เมื่อ: Lv.25] 	เลเวลของท่านไม่เพียงพอ	
155	 Slave Market Island 	[เข้าได้เมื่อ: Lv.45] 	เลเวลของท่านไม่เพียงพอ	
156	 Evil Port 	[เข้าได้เมื่อ:  Lv.60] 	เลเวลของท่านไม่เพียงพอ	
157	 Ocean Walled City 	[เข้าได้เมื่อ: Lv.70] 	เลเวลของท่านไม่เพียงพอ	
158	Voodoo Island	[เข้าได้เมื่อ: Lv.81] 	เลเวลของท่านไม่เพียงพอ	
159	Silver Harbour	[เข้าได้เมื่อ: Lv.86] 	เลเวลของท่านไม่เพียงพอ	
160	Death City Sea	[เข้าได้เมื่อ: Lv.92] 	เลเวลของท่านไม่เพียงพอ	
161	Hell Volcanic Island	(เลเวลที่ต้องการ: 100)	เลเวลของท่านไม่เพียงพอ	
162	Drake empty Walled	[เข้าได้เมื่อ: Lv.112] 	เลเวลของท่านไม่เพียงพอ	
163	Lost Eden	[เข้าได้เมื่อ: Lv.111] 	เลเวลของท่านไม่เพียงพอ	
164	Sunset Deserted	[เข้าได้เมื่อ: Lv.115] 	เลเวลของท่านไม่เพียงพอ	
165	เดินทางสู่ Atlantic Ocean-Rising Sun Sea	ไม่จำกัดเลเวล		
166	เดินทางสู่ Outer space Ocean-Taboo Sea	[เข้าได้เมื่อ: Lv.70] 	เลเวลของท่านไม่เพียงพอ	
167	Go To  Bermuda Sea	[เข้าได้เมื่อ: Lv.92] 	เลเวลของท่านไม่เพียงพอ	
168	Shut The Door	จะต้องใช้กุญแจเพื่อเปิด แต่มันอยู่ที่ใครล่ะ?		
169	Fruit Bucket	[วิธีใช้: ดับเบิ้ลคลิกซ้าย] 	ท่านยังไม่ต้องการมันในตอนนี้	
170	Stover	[วิธีใช้: ดับเบิ้ลคลิกซ้าย] 	ท่านยังไม่ต้องการมันในตอนนี้	
171	Rubbish Pile	[วิธีใช้: ดับเบิ้ลคลิกซ้าย] 	ท่านยังไม่ต้องการมันในตอนนี้	
172	Pearl Shell	[วิธีใช้: ดับเบิ้ลคลิกซ้าย] 	ท่านยังไม่ต้องการมันในตอนนี้	
173	Dried Pineapple	[วิธีใช้: ดับเบิ้ลคลิกซ้าย] 	ท่านยังไม่ต้องการมันในตอนนี้	
174	Hard Mushroom	[วิธีใช้: ดับเบิ้ลคลิกซ้าย] 	ท่านยังไม่ต้องการมันในตอนนี้	
175	Beast Cage	[วิธีใช้: ดับเบิ้ลคลิกซ้าย] 	ท่านยังไม่ต้องการมันในตอนนี้	
176	Icu Gravestone	[วิธีใช้: ดับเบิ้ลคลิกซ้าย] 	ท่านยังไม่ต้องการมันในตอนนี้	
177	Heritage Treasure	[วิธีใช้: ดับเบิ้ลคลิกซ้าย] 	ท่านยังไม่ต้องการมันในตอนนี้	
178	Plato Diary Volume 1	จะต้องผ่านภารกิจ[ทีมสำรวจโบราณสถาน GO!] \n[วิธีใช้: ดับเบิ้ลคลิกซ้าย] 		
179	Plato Diary Volume 3	จะต้องผ่านภารกิจ[Prime Minister นักพยากรณ์ 1] \n[วิธีใช้: ดับเบิ้ลคลิกซ้าย] 		
180	Locked Door	จะต้องใช้กุญแจ อาจซ่อนอยู่ในกล่องสมบัติที่ใด่ที่หนึ่ง\n[วิธีใช้: ดับเบิ้ลคลิกซ้าย] 	ทางนี้ถูกล็อกไว้	
181	Key Box	กุญแจอยู่ที่นี่แหละ!\n[วิธีใช้: ดับเบิ้ลคลิกซ้าย] 		กุญแจหล่นออกมา
182	Bonus Chest	เมื่ออยู่ในด่านระดับความยาก 2 ดาว เมื่อเปิดกล่องสมบัติสามารถเพิ่มคะแนตอนจบด่านได้จะต้องใช้[Pivot Station] 1 อัน\n[วิธีใช้: ดับเบิ้ลคลิกซ้าย] 		
183	Cannon	ใช้ในการโจมตี\n[วิธีใช้: ดับเบิ้ลคลิกซ้าย] 	ปืนใหญ่กำลังคูลดาวน์	
184	Hitch Human Cannon	ใช้ได้แค่ครั้งเดียว และยิงไปเป้าหมายที่กำหนด\n[วิธีใช้: ดับเบิ้ลคลิกซ้าย] 		
185	Lifting Basket	ใช้ขนส่งของขึ้นเขา\n[วิธีใช้: เหยียบขึ้นไป] 		
186	Powder Cask	ใช้ช่วยเหลือเพื่อนๆที่ปีนเขาอยู่ สามารถใช้ประโยชน์อย่างอื่นได้ ค้นหาเอาเองสิ!\n[วิธีใช้: ดับเบิ้ลคลิกซ้าย] 		
187	Firm Door	ใช้ระเบิดเปิดมันสิ!		
188	Fortress Defense Machine Gun	ดำเนินการเมื่อทำลายประตูใหญ่ได้\n[วิธีใช้: ดับเบิ้ลคลิกซ้าย] 		
189	Attack Cannon		กระสุนไม่พอ	
190	Gliding Altar	ทำให้ท่านได้รับความสามารถในการเหาะเหิน[1 ครั้ง] สามารถใช้ซ้ำได้\n[วิธีใช้: เหยียบขึ้นไป] 		ท่านได้รับความสามารถในการเหาะเหินชั่วคราว
191	ApocalypseVolume 1	โรคระบาด\n[วิธีใช้: ดับเบิ้ลคลิกซ้าย] 	ท่านยังไม่ต้องการมันในตอนนี้	
192	Apocalypse Volume 2	แผ่นดินไหว\n[วิธีใช้: ดับเบิ้ลคลิกซ้าย] 	ท่านยังไม่ต้องการมันในตอนนี้	
193	Apocalypse Volume 3	น้ำท่วม\n[วิธีใช้: ดับเบิ้ลคลิกซ้าย] 	ท่านยังไม่ต้องการมันในตอนนี้	
194	Temple Holy pool	มีพลังลึกลับ\n[วิธีใช้: ดับเบิ้ลคลิกซ้าย] 	ท่านยังไม่ต้องการมันในตอนนี้	
195	Bermuda Crack	ใครรู้บ้างว่าต้องไปทางไหน?\n[วิธีใช้: ร่างกายสัมผัส] 		
196	Suspicious Tombstone	[นอนด้วยกันก่อนสิ] \n[วิธีใช้: ดับเบิ้ลคลิกซ้าย] 	ท่านยังไม่ต้องการมันในตอนนี้	
197	Dungeon[Doom Church] Entrance	[วิธีใช้: ดับเบิ้ลคลิกซ้าย เพื่อเปิดตัวเลือกระดับความยาก] 		
198				พลังโพไซดอนในตัวของท่านได้มาจากศัตรูที่อยู่ตรงหน้า พลังของท่านเพิ่มขึ้นมหาศาล ตอนนี้สามารถใช้สกิลใหม่ได้แล้ว
199				พลังในตัวท่านหายไป...
200	Ice Berry Flower	รู้สึกเย็น\n[วิธีใช้: ดับเบิ้ลคลิกซ้าย] 	ท่านยังไม่ต้องการมันในตอนนี้	
201	Container	ใส่อะไรไม่ได้เลย\n[วิธีใช้: ดับเบิ้ลคลิกซ้าย] 	ท่านยังไม่ต้องการมันในตอนนี้	
202	Gift Box	ของขวัญลึกลับ\n[วิธีใช้: ดับเบิ้ลคลิกซ้าย] 	ท่านยังไม่ต้องการมันในตอนนี้	
203	Fire Crystal	รวมตัวเป็นหินหนืด\n[วิธีใช้: ดับเบิ้ลคลิกซ้าย] 	ท่านยังไม่ต้องการมันในตอนนี้	
204	Alchemical Furnace	นำ[กระดิ่งทอง] หลอมเป็น[ทองแท่ง] \n[วิธีใช้: ดับเบิ้ลคลิกซ้าย] 	ท่านยังไม่ต้องการมันในตอนนี้	
205	Blue Conifer Cone	ผลไม้เขตร้อน\n[วิธีใช้: ดับเบิ้ลคลิกซ้าย] 	ท่านยังไม่ต้องการมันในตอนนี้	
206	Red Conifer Cone	ผลไม้เขตร้อน\n[วิธีใช้: ดับเบิ้ลคลิกซ้าย] 	ท่านยังไม่ต้องการมันในตอนนี้	
207	Head Mushroom	เห็ดที่พบเห็นบ่อย\n[วิธีใช้: ดับเบิ้ลคลิกซ้าย] 	ท่านยังไม่ต้องการมันในตอนนี้	
208	Volvacea	เห็ดที่พบเห็นบ่อย\n[วิธีใช้: ดับเบิ้ลคลิกซ้าย] 	ท่านยังไม่ต้องการมันในตอนนี้	
209	Glove Box	แบบแปลนต่างๆอยู่ที่นี่หมด\n[วิธีใช้: ดับเบิ้ลคลิกซ้าย] 	ท่านยังไม่ต้องการมันในตอนนี้	
210	Summon Magic	พลังลึกลับ\n[วิธีใช้: ดับเบิ้ลคลิกซ้าย] 	ท่านยังไม่ต้องการมันในตอนนี้	
211	Blessing Evil Idol	เทพปีศาจจากที่ไหนกัน\n[วิธีใช้: ดับเบิ้ลคลิกซ้าย] 	ท่านยังไม่ต้องการมันในตอนนี้	
212	 Hijack  Clean Box	ใส่ของเบ็ดเตล็ด\n[วิธีใช้: ดับเบิ้ลคลิกซ้าย] 	ท่านยังไม่ต้องการมันในตอนนี้	
213				Krakenปรากฏตัวที่ Atlantic Ocean! ไปกำจัดมันเลย!
214	Prisoner Treasure Chest	Cheat Death Pill อยู่ที่นี่\n[วิธีใช้: ดับเบิ้ลคลิกซ้าย] 	ท่านยังไม่ต้องการมันในตอนนี้	
215	Stink Bucket	ท่านเปิดมันไม่ได้จริงๆเหรอ?\n[วิธีใช้: ดับเบิ้ลคลิกซ้าย] 	ท่านยังไม่ต้องการมันในตอนนี้	การลงครั้งต่อไปต้งล้างมือ
216	Secret Weapon Box	ระดับความลับเลเวล 9\n[วิธีใช้: ดับเบิ้ลคลิกซ้าย] 	อย่าไปเตะต้องมันดีกว่า	
217	Human Cannon	ยิงท่านไปที่ที่กำหนด\n(วิธีใช้: ดับเบิ้ลคลิกซ้าย)		
218	Xel'Naga Furnace	เหมือนเคยได้ยินชื่อจากที่ไหนมาก่อน\n[วิธีใช้: ดับเบิ้ลคลิกซ้าย] 	ท่านยังไม่ต้องการมันในตอนนี้	
219	FloatRed Crystal	สามารถเคาะผลึกออกมาได้จำนวนมาก\n[วิธีใช้: ดับเบิ้ลคลิกซ้าย] 	ท่านยังไม่ต้องการมันในตอนนี้	
220	Hematite	ส่องแดงสีแดงอ่อนๆ\n[วิธีใช้: ดับเบิ้ลคลิกซ้าย] 	ท่านยังไม่ต้องการมันในตอนนี้	
221	Queer Ice	มีแสงส่องออกมา\n[วิธีใช้: ร่างกายสัมผัส] 	ท่านยังไม่ต้องการมันในตอนนี้	
222	Queer Rock	มีแสงส่องออกมา\n[วิธีใช้: ร่างกายสัมผัส] 	ท่านยังไม่ต้องการมันในตอนนี้	
223	Royal Chest	ไว้ใส่ของตกทอดจากราชวงศ์\n[วิธีใช้: ร่างกายสัมผัส] 	ท่านยังไม่ต้องการมันในตอนนี้	
224	Navy Position	มันง่ายมากๆ\n[วิธีใช้: ดับเบิ้ลคลิกซ้าย] 	ท่านยังไม่ต้องการมันในตอนนี้	
225	Dungeon[Rough Sea Fortress] Entrance	[วิธีใช้: ดับเบิ้ลคลิกซ้าย เพื่อเปิดตัวเลือกระดับความยาก] 		
226	Suspicious Tombstone	[เคยมาที่โลกนี้ในสมัยก่อน] \n[วิธีใช้: ดับเบิ้ลคลิกซ้าย] 		ท่านรู้สึกถึงพลังบางอย่าง...
227	Suspicious Tombstone	[เวลาที่ท่านอ่านตัวอักษรนี้ออก: นั่นคือท่านกำลังเหยียบอยู่บนตัวข้า!] \n[วิธีใช้: ดับเบิ้ลคลิกซ้าย] 		ท่านรู้สึกถึงพลังบางอย่าง...
228	Suspicious Tombstone	[ถึงข้าจะยังไม่คืนเงินเจ้า แต่นี่เป็นบ้านหลังสุดท้ายของข้าแล้วล่ะ] \n[วิธีใช้: ดับเบิ้ลคลิกซ้าย] 		ท่านรู้สึกถึงพลังบางอย่าง...
229	Suspicious Tombstone	[ขอบคุณที่มาเยียม ไว้ข้าว่างๆข้าจะไปเยี่ยมเจ้าบ้างนะ] \n[วิธีใช้: ดับเบิ้ลคลิกซ้าย] 		ท่านรู้สึกถึงพลังบางอย่าง...
230	Suspicious Tombstone	[ถ้าตายจะต้องเผากระดาษ] \n[วิธีใช้: ดับเบิ้ลคลิกซ้าย] 		ท่านรู้สึกถึงพลังบางอย่าง...
231	Suspicious Tombstone	[ข้ารู้สึกว่าข้าจะช่วยได้อีกหน่อย] \n[วิธีใช้: ดับเบิ้ลคลิกซ้าย] 		ท่านรู้สึกถึงพลังบางอย่าง...
232	Suspicious Tombstone	[ที่นี่แคบจัง พลิบตัวก็ลำบาก] \n[วิธีใช้: ดับเบิ้ลคลิกซ้าย] 		ท่านรู้สึกถึงพลังบางอย่าง...
233	Suspicious Tombstone	[ข้าตายยังไง?] \n[วิธีใช้: ดับเบิ้ลคลิกซ้าย] 		ท่านรู้สึกถึงพลังบางอย่าง...
234	Suspicious Tombstone	[ข้ารอเจ้าอยู่ใต้ดินนะ!] \n[วิธีใช้: ดับเบิ้ลคลิกซ้าย] 		ท่านรู้สึกถึงพลังบางอย่าง...
235	Suspicious Tombstone	[เมื่อก่อนข้าเป็นเจ้าอ้วน แต่เดี๋ยวนี้ข้าเหลือแต่กระดูก] \n[วิธีใช้: ดับเบิ้ลคลิกซ้าย] 		ท่านรู้สึกถึงพลังบางอย่าง...
236	Suspicious Tombstone	[อย่ามากินของของข้า!] \n[วิธีใช้: ดับเบิ้ลคลิกซ้าย] 		ท่านรู้สึกถึงพลังบางอย่าง...
237	Suspicious Tombstone	[ข้าว่างน่ะ เลยออกมาเดินๆหน่อย] \n[วิธีใช้: ดับเบิ้ลคลิกซ้าย] 		ท่านรู้สึกถึงพลังบางอย่าง...
238	Suspicious Tombstone	[แล้วใครมาเป็นเพื่อนข้า?] \n[วิธีใช้: ดับเบิ้ลคลิกซ้าย] 		ท่านรู้สึกถึงพลังบางอย่าง...
239	Suspicious Tombstone	[อย่าจ้องห้องข้าแบบนั้นสิ ท่านก็มีช่องว่างของท่าน] \n[วิธีใช้: ดับเบิ้ลคลิกซ้าย] 		ท่านรู้สึกถึงพลังบางอย่าง...
240	Suspicious Tombstone	[ห้ามอ้วกที่นี่] \n[วิธีใช้: ดับเบิ้ลคลิกซ้าย] 		ท่านรู้สึกถึงพลังบางอย่าง...
241	Suspicious Tombstone	[ข้ายังไม่ตายหรอกรึ!] \n[วิธีใช้: ดับเบิ้ลคลิกซ้าย] 		ท่านรู้สึกถึงพลังบางอย่าง...
242	Suspicious Tombstone	[ในที่สุดข้าก็หยุดร้องได้แล้ว] \n[วิธีใช้: ดับเบิ้ลคลิกซ้าย] 		ท่านรู้สึกถึงพลังบางอย่าง...
243	Suspicious Tombstone	[เดินผิดทาง เข้าผิดช่อง แวะเข้ามาพักผ่อนในนี้หน่อยไหมล่ะ!] \n[วิธีใช้: ดับเบิ้ลคลิกซ้าย] 		ท่านรู้สึกถึงพลังบางอย่าง...
244	Suspicious Tombstone	[ข้าบอกแล้วว่าข้าเป็นโรค] \n[วิธีใช้: ดับเบิ้ลคลิกซ้าย] 		ท่านรู้สึกถึงพลังบางอย่าง...
245	Suspicious Tombstone	[ข้ามลืมยิงระเบิด] \n[วิธีใช้: ดับเบิ้ลคลิกซ้าย] 		ท่านรู้สึกถึงพลังบางอย่าง...
246	Suspicious Tombstone	[มีเรื่องกรุณาเคาะ] \n[วิธีใช้: ดับเบิ้ลคลิกซ้าย] 		ท่านรู้สึกถึงพลังบางอย่าง...
247	Suspicious Tombstone	[ตอนข้ามีชีวิตข้าเป็นราชา ตอนตายข้าก็ยังเป็นอยู่] \n[วิธีใช้: ดับเบิ้ลคลิกซ้าย] 		ท่านรู้สึกถึงพลังบางอย่าง...
248	Lock Chest	กุญแจอยู่ในตัวของSkeleton\n[วิธีใช้: ดับเบิ้ลคลิกซ้าย] 	ท่านต้องใช้กุญแจ	
249	Pulling	ใช้สำหรับต่อสู้ หัก[True Crystal] 8 อันสามารถเปิดได้\n[วิธีใช้: ดับเบิ้ลคลิกซ้าย] 	ท่านไม่ใช่ผู้ต่อสู้ หรือไอเทมที่ต้องการไม่เพียงพอ	เสียงระเบิดที่ไม่รู้ว่ามาจากไหน
250	Pulling	ใช้สำหรับฝึกทดสอบหัก[True Crystal] 8 อันสามารถเปิดได้\n[วิธีใช้: ดับเบิ้ลคลิกซ้าย] 	ท่านไม่ใช่ผู้ฝึกฝน หรือไอเทมที่ต้องการไม่เพียงพอ	เสียงระเบิดที่ไม่รู้ว่ามาจากไหน
251				ไอเอาของในกล่องสมบัติก่อนสิ!
252	Team Banner	กรุณาอยู่ใกล้ๆธง เพื่อคอนเฟริมการแบ่งทีม		อย่าไปโดนธงที่ไหนอีกล่ะ!
253				การแข่งขันเริ่มขึ้นแล้ว!
254				ทีมแดงชนะ กรุณาไปรับรางวัลด้านข้างก่อน เมื่อรับแล้วสามารถออกจากดันเจี้ยนได้
255				ทีมน้ำเงินชนะ กรุณาไปรับรางวัลด้านข้างก่อน เมื่อรับแล้วสามารถออกจากดันเจี้ยนได้
256	Pulling	หัก[Warmly Crystal] 7 อันสามารถเปิดได้ 1 คน สามารถทำได้ 1 ครั้งเท่านั้น\n[วิธีใช้: ดับเบิ้ลคลิกซ้าย] 	ทำPullingอันอื่นไปแล้ว หรือไอเทมที่ต้องการไม่เพียงพอ	เสียงระเบิดที่ไม่รู้ว่ามาจากไหน
257	Pulling	1 คน สามารถทำได้ 1 ครั้งเท่านั้น\n[วิธีใช้: ดับเบิ้ลคลิกซ้าย] 	ทำPullingอันอื่นไปแล้ว	เสียงระเบิดที่ไม่รู้ว่ามาจากไหน
258	Pulling	หัก[True Crystal] 8 อัน สามารถเปิดได้ 1 คน สามารถทำได้ 1 ครั้งเท่านั้น\n[วิธีใช้: ดับเบิ้ลคลิกซ้าย] 	ทำPullingอันอื่นไปแล้ว หรือไอเทมที่ต้องการไม่เพียงพอ	เสียงระเบิดที่ไม่รู้ว่ามาจากไหน
259	Woodpile	ขนย้ายท่อนไม้\n[วิธีใช้: ดับเบิ้ลคลิกซ้าย] 	ท่านยังไม่ต้องการมันในตอนนี้	
260	Exit	ออกจาก Viper Wicket กลับสู่ Prison Exile Island 		
261	Ganoderma Mushroom	เก็บเห็ด\n[วิธีใช้: ดับเบิ้ลคลิกซ้าย]	ดูแล้วน่าจะไม่อร่อย...	
262				Pirate Flagship-Fear Duke ปรากฏที่ Outer space Ocean! รีบไปกำจัดมันซะ!
263				เสียงระเบิดดังขึ้น ประตูหินทางด้านขวาถูกเปิดออก...
264	Prison Diving Board	น่าจะเกี่ยวกับความสนใจของ Bismarck นะ...\n[วิธีใช้: ขึ้นไปบน Diving Board]		
265				Ward Kingkong ทำลายกำแพงและโจมตีท่าน!
266			จะต้องกำจัดมอนสเตอร์ให้หมด จึงจะเปิดได้	ประตูห้องต่อไปเปิดแล้ว...
267				ได้ยินเสียงแห่งความตาย Emerald Tornado ปรากฏแล้ว!
268	Ancient Diving Board	ยังใช้งานได้อยู่แน่ๆ\n[วิธีใช้：ขึ้นไปบน Diving Board]		
269				กำจัด Blitz Veteran มอนสเตอร์ที่โจมตีชาวบ้านไม่ปรากฎตัวแล้ว!
270				ลูกน้องของ Skeleton Captain หนีไปคนละทิศละทาง และไม่กลับมาอีก!
271				มอนสเตอร์ที่ Skeleton Chiliarch เรียกออกมาหนีไปคนละทิศละทาง และไม่กลับมาอีก!
272				ท่านผู้กล้า โปรดช่วยเราด้วยเถิด
273				Blitz Veteran, Skeleton Captain, Skeleton Chiliarch ได้พากองทัพของพวกมันมาที่นี่ มันต้องการจะฆ่าพวกเราทั้งหมด
274				โปรดปกป้องพวกเราชาวบ้านที่ไม่มีทางสู้ด้วยเถิด
275				เสียงหนึ่งดังขึ้น มีบางสิ่งหล่นลงมาจากฟ้า!
276	Memory Fountain	บันทึกจุดเกิดไว้ที่นี่\n[วิธีใช้：ดับเบิ้ลคลิกซ้าย]		ตั้งค่าจุดคืนชีพแล้ว!
277	Inconceivable Poseidon Chest	คิดไม่ถึงที่สุด! กุญแจที่ใช้เปิด ไม่อยู่ที่นี่จริงๆน่ะรึ!?\n[วิธีใช้: ดับเบิ้ลคลิกซ้าย]		
278				Space Crack ถูกทำลาย Remains Iron Guard ไม่สามารถมาเป็นกองกำลังเสริมได้
279				Space Crack ถูกทำลาย Remains Iron Guard ไม่สามารถมาเป็นกองกำลังเสริมได้
280				Space Crack ถูกทำลาย Remains Iron Guard ไม่สามารถมาเป็นกองกำลังเสริมได้
281	Energy Crystal	คอยเพิ่มพลังให้กับสิ่งของบางอย่าง\n[วิธีใช้: ดับเบิ้ลคลิกซ้าย] 	ท่านจะต้องทำลาย Remains Guardian จึงจะสามารถปิด Energy Crystal ได้	Energy Crystal ถูกปิดแล้ว ทหารหมดกำลังลง
282	Energy Crystal	คอยเพิ่มพลังให้กับสิ่งของบางอย่าง\n[วิธีใช้: ดับเบิ้ลคลิกซ้าย] 		Energy Crystal ถูกปิดแล้ว รอยแยกถูกทำลาย Siren มุ่งหน้าไปทางหอผุพัง
283	Energy Crystal	คอยเพิ่มพลังให้กับสิ่งของบางอย่าง\n[วิธีใช้: ดับเบิ้ลคลิกซ้าย] 	ท่านจะต้องทำลาย Remains Guardian จึงจะสามารถปิด Energy Crystal ได้	Energy Crystal ถูกปิดแล้ว ทหารหมดกำลังลง
284	เดินทางสู่ Atlantic-Dark Fog Sea	[เข้าได้เมื่อ: Lv.30]	เลเวลของท่านไม่เพียงพอ	
285	เดินทางสู่ Outer space Ocean-Pale Silver Sea	[เข้าได้เมื่อ: Lv.100]	เลเวลของท่านไม่เพียงพอ	
286	Elevate Table	เข้าสู่สนาม\n[วิธีใช้: ดับเบิ้ลคลิกซ้าย]		สู้ สู้!
287	เดินทางสู่ Pale Silver Sea	[เข้าได้เมื่อ: Lv.80]	เลเวลของท่านไม่เพียงพอ	
288	มุ่งหน้าไป Atlantic Ocean-Dark Fog Sea			
289	มุ่งหน้าไป Outer Space Ocean-Pale Silver Sea			
290	มุ่งหน้าไป Atlantic Ocean-Rising Sun Sea			
291	มุ่งหน้าไป Outer Space Ocean-Taboo Sea			
292	มุ่งหน้าไป Skyfire Tower	เข้าสู่ Skyfire Tower กำจัด Sea Phantom\n(วิธีใช้: ดับเบิ้ลคลิ๊กซ้าย)		
293	กล่องที่ใส่เต็มไปด้วยระเบิด	จุดระเบิด และใช้พายุกลับไปที่ Ulysses\n(วิธีใช้: ดับเบิ้ลคลิ๊กซ้าย)		
294	Suspicious Ship	เข้าดันเจี้ยน Secret Cabin\n(แนะนำ: 2 คน เลเวล 15 ขึ้นไป)\n(วิธีใช้: ดับเบิ้ลคลิกซ้าย)		
295	Exit	ออกจากห้องเรือ กลับสู่ Port Royal		
296	Lantern	ตัวละครเดินไปสัมผัสกับโคมลอย สามารถเก็บได้		
297	Suspicious Box	Robinson ทำท่าทีมีความหวังอย่างมากว่าท่านจะเข้าใกล้...		
298	Bermuda Crack	ออกจาก Poseidon Island\n(วิธีใช้: เข้าใกล้รอยแยก)		
299	ออกจาก Event Scene	(วิธีใช้:  ขึ้นไปยืนบนวาร์ป)		
300	เข้า Event Scene	(วิธีใช้:  ขึ้นไปยืนบนวาร์ป)		
301	Pirate King Chest	กล่องที่มีอยู่มายาวนาน\n(วิธีใช้:  ดับเบิ้ลคลิกซ้าย)		
302	Suspicious Barnacle	ด้านในเหมือนจะมีอะไรอยู่\n(วิธีใช้:  ดับเบิ้ลคลิกซ้าย)		
303	Tinderbox	"Odyssey มอบให้ Sea Phantom"\n(วิธีใช้: ดับเบิ้ลคลิกซ้าย)		
304	เข้าสนาม	ไปกลางสนาม		
305	เข้าสนาม	ไปทางทิศเหนือของสนาม		
306	เข้าสนาม	ไปทางทิศใต้ของสนาม		
307	Diving Tower	ขึ้นไป\n(วิธีใช้: ยืนบนแท่น)		
308				ดูเหมือนว่าผู้ท้าชิงเราจะลงสนามแล้ว พวกเขาผ่านการต่อสู้มาแล้วไม่ต่ำกว่า 20 รอบ รวมถึงท่านเบ~รูททท ของเราด้วย!
309				การแข่ง เริ่มได้!
310	脂肪燉鍋	一股難聞的味道…真的能煮出油來嗎？\n(使用方式：雙點擊左鍵)		
311				กระทงปรากฎตัวที่ Atlantic Ocean! ไปกำจัดมันเลย!
312				ท่านโยนของขวัญลงไปในปล่องไฟ มือทั้งสองของท่านเต็มไปด้วยขี้เถ้าจากปล่องไฟ...
