id	name	family	is_client_req	tier	evidence
0x0AEA	Winemaking_UpdateLearnedFormulaVital	Winemaking_	0	NAME-ONLY	docs/PF_VITAL_NAMES.json+pf_bridge/external/PF_PROTOCOL_REGISTRY.tsv+pf_bridge/external/PF_SERIALIZER_FIELDS.tsv+docs/UI_LANE.md
0x0D27	BuildingCrystal_PurchaseServiceVital	BuildingCrystal_	0	NAME-ONLY	docs/PF_VITAL_NAMES.json+pf_bridge/external/PF_PROTOCOL_REGISTRY.tsv+pf_bridge/external/PF_SERIALIZER_FIELDS.tsv+docs/UI_LANE.md
0x0E0C	Express_ClientReceiveNewExpressVital	Express_	0	NAME-ONLY	docs/PF_VITAL_NAMES.json+pf_bridge/external/PF_PROTOCOL_REGISTRY.tsv+pf_bridge/external/PF_SERIALIZER_FIELDS.tsv+docs/UI_LANE.md
0x0ED3	BuildingCrystal_OpenCrystalSlotVital	BuildingCrystal_	0	NAME-ONLY	docs/PF_VITAL_NAMES.json+pf_bridge/external/PF_PROTOCOL_REGISTRY.tsv+pf_bridge/external/PF_SERIALIZER_FIELDS.tsv
0x0F01	UserSetting_UpdateServerSettingVital	UserSetting_	0	NAME-ONLY	docs/PF_VITAL_NAMES.json+pf_bridge/external/PF_PROTOCOL_REGISTRY.tsv+pf_bridge/external/PF_SERIALIZER_FIELDS.tsv
0x1091	Express_ClientSendExpressResultVital	Express_	0	NAME-ONLY	docs/PF_VITAL_NAMES.json+pf_bridge/external/PF_PROTOCOL_REGISTRY.tsv+pf_bridge/external/PF_SERIALIZER_FIELDS.tsv+docs/UI_LANE.md
0x116C	VitalData	(unprefixed)	0	SOURCE	src/pirateforce_foundation/damage_hp_link_hypothesis.py:115
0x11E4	KnowledgeGuru_CurrentQuizResultVital	KnowledgeGuru_	0	NAME-ONLY	docs/PF_VITAL_NAMES.json+pf_bridge/external/PF_PROTOCOL_REGISTRY.tsv+pf_bridge/external/PF_SERIALIZER_FIELDS.tsv
0x15E0	CBuffVital	(unprefixed)	0	NAME-ONLY	pf_bridge/external/PF_PROTOCOL_REGISTRY.tsv+pf_bridge/external/PF_SERIALIZER_FIELDS.tsv
0x162E	CheatVital	(unprefixed)	0	SOURCE	src/pirateforce_foundation/gm/gmui_catalog.py:544
0x1666	Community_SetReceiveActiveChangeVital	Community_	0	NAME-ONLY	docs/PF_VITAL_NAMES.json+pf_bridge/external/PF_PROTOCOL_REGISTRY.tsv+pf_bridge/external/PF_SERIALIZER_FIELDS.tsv+docs/UI_LANE.md
0x18DA	Channel_OnActorJoinCustomChannelVital	Channel_	0	NAME-ONLY	docs/PF_VITAL_NAMES.json+pf_bridge/external/PF_PROTOCOL_REGISTRY.tsv+pf_bridge/external/PF_SERIALIZER_FIELDS.tsv+docs/UI_LANE.md
0x1922	Community_QuerySoulMateCandidateVital	Community_	0	UNTOUCHED	-
0x1A3F	CArenaVital	(unprefixed)	0	NAME-ONLY	docs/PF_VITAL_NAMES.json+pf_bridge/external/PF_PROTOCOL_REGISTRY.tsv+pf_bridge/external/PF_SERIALIZER_FIELDS.tsv
0x1AC5	AccuseVital	(unprefixed)	0	NAME-ONLY	docs/PF_VITAL_NAMES.json+pf_bridge/external/PF_PROTOCOL_REGISTRY.tsv+pf_bridge/external/PF_SERIALIZER_FIELDS.tsv
0x1AD4	ReliveVital	(unprefixed)	0	NAME-ONLY	docs/PF_VITAL_NAMES.json+pf_bridge/external/PF_PROTOCOL_REGISTRY.tsv+pf_bridge/external/PF_SERIALIZER_FIELDS.tsv+docs/UI_LANE.md
0x1ADD	TargetVital	(unprefixed)	0	SOURCE	src/pirateforce_foundation/diag_multi_object_wiring.py:147
0x1AEA	ActionVital	(unprefixed)	0	SOURCE	src/pirateforce_foundation/mob_combat.py:225
0x1B3C	Community_WriteBlankPenpalLetterVital	Community_	0	NAME-ONLY	docs/PF_VITAL_NAMES.json+pf_bridge/external/PF_PROTOCOL_REGISTRY.tsv+pf_bridge/external/PF_SERIALIZER_FIELDS.tsv+docs/UI_LANE.md
0x1B40	LogoutVital	(unprefixed)	0	NAME-ONLY	docs/PF_VITAL_NAMES.json+pf_bridge/external/PF_PROTOCOL_REGISTRY.tsv+pf_bridge/external/PF_SERIALIZER_FIELDS.tsv+docs/UI_LANE.md
0x1B8B	CollectionObj_SailorLvUpResponseVital	CollectionObj_	0	NAME-ONLY	docs/PF_VITAL_NAMES.json+pf_bridge/external/PF_PROTOCOL_REGISTRY.tsv+pf_bridge/external/PF_SERIALIZER_FIELDS.tsv+docs/UI_LANE.md
0x1C37	BuildingCrystal_IncreaseCrystalSlotMaxNutrientVital	BuildingCrystal_	0	NAME-ONLY	docs/PF_VITAL_NAMES.json+pf_bridge/external/PF_PROTOCOL_REGISTRY.tsv+pf_bridge/external/PF_SERIALIZER_FIELDS.tsv
0x1D0C	BuildingCrystal_AddCrystalLusterVital	BuildingCrystal_	0	NAME-ONLY	docs/PF_VITAL_NAMES.json+pf_bridge/external/PF_PROTOCOL_REGISTRY.tsv+pf_bridge/external/PF_SERIALIZER_FIELDS.tsv
0x1EB4	COnLandVital	(unprefixed)	0	NAME-ONLY	docs/PF_VITAL_NAMES.json+pf_bridge/external/PF_PROTOCOL_REGISTRY.tsv+pf_bridge/external/PF_SERIALIZER_FIELDS.tsv
0x1F14	Express_GetActorExpressDataFromDBVital	Express_	0	NAME-ONLY	docs/UI_LANE.md
0x1F4F	UseItemVital	(unprefixed)	0	NAME-ONLY	docs/PF_VITAL_NAMES.json+pf_bridge/external/PF_PROTOCOL_REGISTRY.tsv+pf_bridge/external/PF_SERIALIZER_FIELDS.tsv
0x1FB2	TriggerVital	(unprefixed)	0	NAME-ONLY	docs/PF_VITAL_NAMES.json+pf_bridge/external/PF_PROTOCOL_REGISTRY.tsv+pf_bridge/external/PF_SERIALIZER_FIELDS.tsv+docs/UI_LANE.md
0x1FCD	CPotionVital	(unprefixed)	0	NAME-ONLY	docs/PF_VITAL_NAMES.json+pf_bridge/external/PF_PROTOCOL_REGISTRY.tsv+pf_bridge/external/PF_SERIALIZER_FIELDS.tsv
0x22B0	VitalDataBase	(unprefixed)	0	UNTOUCHED	-
0x23B5	TradeCmdVital	(unprefixed)	0	NAME-ONLY	docs/PF_VITAL_NAMES.json+pf_bridge/external/PF_PROTOCOL_REGISTRY.tsv+pf_bridge/external/PF_SERIALIZER_FIELDS.tsv+docs/UI_LANE.md
0x245B	ItemLockVital	(unprefixed)	0	NAME-ONLY	pf_bridge/external/PF_PROTOCOL_REGISTRY.tsv+pf_bridge/external/PF_SERIALIZER_FIELDS.tsv
0x245D	CVehicleVital	(unprefixed)	0	NAME-ONLY	docs/PF_VITAL_NAMES.json+pf_bridge/external/PF_PROTOCOL_REGISTRY.tsv+pf_bridge/external/PF_SERIALIZER_FIELDS.tsv
0x2466	PartyCmdVital	(unprefixed)	0	SOURCE	src/pirateforce_foundation/runtime.py:394
0x246F	RunFxSetVital	(unprefixed)	0	NAME-ONLY	docs/PF_VITAL_NAMES.json+pf_bridge/external/PF_PROTOCOL_REGISTRY.tsv+pf_bridge/external/PF_SERIALIZER_FIELDS.tsv
0x24C8	InstanceVital	(unprefixed)	0	NAME-ONLY	docs/PF_VITAL_NAMES.json+pf_bridge/external/PF_PROTOCOL_REGISTRY.tsv+pf_bridge/external/PF_SERIALIZER_FIELDS.tsv
0x254E	CollectionObj_UpdateCollectEffectVital	CollectionObj_	0	NAME-ONLY	docs/PF_VITAL_NAMES.json+pf_bridge/external/PF_PROTOCOL_REGISTRY.tsv+pf_bridge/external/PF_SERIALIZER_FIELDS.tsv+docs/UI_LANE.md
0x25A2	TeleportVital	(unprefixed)	0	SOURCE	src/pirateforce_foundation/gm/teleport_wire.py:601
0x25F5	VitalProtocol	(unprefixed)	0	NAME-ONLY	docs/PF_VITAL_NAMES.json+pf_bridge/external/PF_PROTOCOL_REGISTRY.tsv+pf_bridge/external/PF_SERIALIZER_FIELDS.tsv
0x265C	Channel_OriginalSinChannelMessageVital	Channel_	0	NAME-ONLY	docs/PF_VITAL_NAMES.json+pf_bridge/external/PF_PROTOCOL_REGISTRY.tsv+pf_bridge/external/PF_SERIALIZER_FIELDS.tsv+docs/UI_LANE.md
0x26B1	Equipment_AddTradeTimeLimitNumberVital	Equipment_	0	NAME-ONLY	docs/PF_VITAL_NAMES.json+pf_bridge/external/PF_PROTOCOL_REGISTRY.tsv+pf_bridge/external/PF_SERIALIZER_FIELDS.tsv
0x26D5	Community_ChangeActorPersonalDataVital	Community_	0	NAME-ONLY	docs/PF_VITAL_NAMES.json+pf_bridge/external/PF_PROTOCOL_REGISTRY.tsv+pf_bridge/external/PF_SERIALIZER_FIELDS.tsv+docs/UI_LANE.md
0x2770	Channel_OnActorLeaveCustomChannelVital	Channel_	0	NAME-ONLY	docs/PF_VITAL_NAMES.json+pf_bridge/external/PF_PROTOCOL_REGISTRY.tsv+pf_bridge/external/PF_SERIALIZER_FIELDS.tsv+docs/UI_LANE.md
0x278C	Express_GSConfirmActorExpressDataVital	Express_	0	NAME-ONLY	docs/UI_LANE.md
0x2797	GSCN_VitalData	GSCN_	0	UNTOUCHED	-
0x2974	CPVPStateVital	(unprefixed)	0	NAME-ONLY	docs/PF_VITAL_NAMES.json+pf_bridge/external/PF_PROTOCOL_REGISTRY.tsv+pf_bridge/external/PF_SERIALIZER_FIELDS.tsv
0x29DC	CFightMsgVital	(unprefixed)	0	NAME-ONLY	docs/PF_VITAL_NAMES.json+pf_bridge/external/PF_PROTOCOL_REGISTRY.tsv+pf_bridge/external/PF_SERIALIZER_FIELDS.tsv
0x29E4	DyeingVitalReq	(unprefixed)	1	NAME-ONLY	docs/PF_VITAL_NAMES.json+pf_bridge/external/PF_PROTOCOL_REGISTRY.tsv+pf_bridge/external/PF_SERIALIZER_FIELDS.tsv+docs/UI_LANE.md
0x2A00	DyeingVitalRes	(unprefixed)	0	NAME-ONLY	docs/PF_VITAL_NAMES.json+pf_bridge/external/PF_PROTOCOL_REGISTRY.tsv+pf_bridge/external/PF_SERIALIZER_FIELDS.tsv+docs/UI_LANE.md
0x2A39	Equipment_RunLuckyEnhancementItemVital	Equipment_	0	NAME-ONLY	docs/PF_VITAL_NAMES.json+pf_bridge/external/PF_PROTOCOL_REGISTRY.tsv+pf_bridge/external/PF_SERIALIZER_FIELDS.tsv
0x2A3E	StallOpenVital	(unprefixed)	0	NAME-ONLY	docs/PF_VITAL_NAMES.json+pf_bridge/external/PF_PROTOCOL_REGISTRY.tsv+pf_bridge/external/PF_SERIALIZER_FIELDS.tsv+docs/UI_LANE.md
0x2A7A	TradeZoomVital	(unprefixed)	0	NAME-ONLY	docs/PF_VITAL_NAMES.json+pf_bridge/external/PF_PROTOCOL_REGISTRY.tsv+pf_bridge/external/PF_SERIALIZER_FIELDS.tsv
0x2A90	TargetPosVital	(unprefixed)	0	SOURCE	src/pirateforce_foundation/mob_drop_presence.py:1419
0x2AB1	AppraisalVital	(unprefixed)	0	NAME-ONLY	docs/PF_VITAL_NAMES.json+pf_bridge/external/PF_PROTOCOL_REGISTRY.tsv+pf_bridge/external/PF_SERIALIZER_FIELDS.tsv+docs/UI_LANE.md
0x2C5D	Express_ClientGetExpressItemAttrsVital	Express_	0	NAME-ONLY	docs/PF_VITAL_NAMES.json+pf_bridge/external/PF_PROTOCOL_REGISTRY.tsv+pf_bridge/external/PF_SERIALIZER_FIELDS.tsv+docs/UI_LANE.md
0x2D5C	BuildingCrystal_UpdateCrystalSlotVital	BuildingCrystal_	0	NAME-ONLY	docs/PF_VITAL_NAMES.json+pf_bridge/external/PF_PROTOCOL_REGISTRY.tsv+pf_bridge/external/PF_SERIALIZER_FIELDS.tsv+docs/UI_LANE.md
0x2DEF	CWebGMVital_GSGC	CWebGMVital_	0	NAME-ONLY	pf_bridge/external/PF_PROTOCOL_REGISTRY.tsv+pf_bridge/external/PF_SERIALIZER_FIELDS.tsv
0x2F5B	StorageCmdVital	(unprefixed)	0	NAME-ONLY	docs/PF_VITAL_NAMES.json+pf_bridge/external/PF_PROTOCOL_REGISTRY.tsv+pf_bridge/external/PF_SERIALIZER_FIELDS.tsv
0x2F74	CHitParadeVital	(unprefixed)	0	NAME-ONLY	pf_bridge/external/PF_PROTOCOL_REGISTRY.tsv+pf_bridge/external/PF_SERIALIZER_FIELDS.tsv
0x2F92	CTracePathVital	(unprefixed)	0	NAME-ONLY	pf_bridge/external/PF_PROTOCOL_REGISTRY.tsv+pf_bridge/external/PF_SERIALIZER_FIELDS.tsv
0x300B	ActionPickVital	(unprefixed)	0	NAME-ONLY	docs/PF_VITAL_NAMES.json+pf_bridge/external/PF_PROTOCOL_REGISTRY.tsv+pf_bridge/external/PF_SERIALIZER_FIELDS.tsv
0x3058	ActionItemVital	(unprefixed)	0	NAME-ONLY	docs/PF_VITAL_NAMES.json+pf_bridge/external/PF_PROTOCOL_REGISTRY.tsv+pf_bridge/external/PF_SERIALIZER_FIELDS.tsv
0x309A	UpdateAttrVital	(unprefixed)	0	SOURCE	src/pirateforce_foundation/damage_hp_link_hypothesis.py:998
0x309E	CBoardcastVital	(unprefixed)	0	NAME-ONLY	docs/PF_VITAL_NAMES.json+pf_bridge/external/PF_PROTOCOL_REGISTRY.tsv+pf_bridge/external/PF_SERIALIZER_FIELDS.tsv
0x30FE	StallStartVital	(unprefixed)	0	NAME-ONLY	docs/PF_VITAL_NAMES.json+pf_bridge/external/PF_PROTOCOL_REGISTRY.tsv+pf_bridge/external/PF_SERIALIZER_FIELDS.tsv+docs/UI_LANE.md
0x310B	Community_InitalizeActorCommunityVital	Community_	0	NAME-ONLY	pf_bridge/external/PF_PROTOCOL_REGISTRY.tsv+pf_bridge/external/PF_SERIALIZER_FIELDS.tsv
0x310C	MiscNotifyVital	(unprefixed)	0	NAME-ONLY	docs/PF_VITAL_NAMES.json+pf_bridge/external/PF_PROTOCOL_REGISTRY.tsv+pf_bridge/external/PF_SERIALIZER_FIELDS.tsv
0x3123	CKnockdownVital	(unprefixed)	0	NAME-ONLY	docs/PF_VITAL_NAMES.json+pf_bridge/external/PF_PROTOCOL_REGISTRY.tsv+pf_bridge/external/PF_SERIALIZER_FIELDS.tsv
0x369A	StorageOpenVital	(unprefixed)	0	NAME-ONLY	docs/PF_VITAL_NAMES.json+pf_bridge/external/PF_PROTOCOL_REGISTRY.tsv+pf_bridge/external/PF_SERIALIZER_FIELDS.tsv
0x36AA	CLearnSkillVital	(unprefixed)	0	NAME-ONLY	docs/PF_VITAL_NAMES.json+pf_bridge/external/PF_PROTOCOL_REGISTRY.tsv+pf_bridge/external/PF_SERIALIZER_FIELDS.tsv
0x36CF	CreateActorVital	(unprefixed)	0	NAME-ONLY	docs/PF_VITAL_NAMES.json+pf_bridge/external/PF_PROTOCOL_REGISTRY.tsv+pf_bridge/external/PF_SERIALIZER_FIELDS.tsv
0x36D2	ShowMessageVital	(unprefixed)	0	NAME-ONLY	docs/PF_VITAL_NAMES.json+pf_bridge/external/PF_PROTOCOL_REGISTRY.tsv+pf_bridge/external/PF_SERIALIZER_FIELDS.tsv
0x36DB	DeleteActorVital	(unprefixed)	0	SOURCE	src/pirateforce_foundation/delete_actor.py:44
0x36EF	SelectActorVital	(unprefixed)	0	NAME-ONLY	docs/PF_VITAL_NAMES.json+pf_bridge/external/PF_PROTOCOL_REGISTRY.tsv+pf_bridge/external/PF_SERIALIZER_FIELDS.tsv
0x3700	TradeInviteVital	(unprefixed)	0	SOURCE	src/pirateforce_foundation/runtime.py:400
0x3718	TriggerSyncVital	(unprefixed)	0	NAME-ONLY	docs/PF_VITAL_NAMES.json+pf_bridge/external/PF_PROTOCOL_REGISTRY.tsv+pf_bridge/external/PF_SERIALIZER_FIELDS.tsv
0x372F	PartyUpdateVital	(unprefixed)	0	NAME-ONLY	docs/PF_VITAL_NAMES.json+pf_bridge/external/PF_PROTOCOL_REGISTRY.tsv+pf_bridge/external/PF_SERIALIZER_FIELDS.tsv
0x3784	LoginVerifyVital	(unprefixed)	0	NAME-ONLY	docs/PF_VITAL_NAMES.json+pf_bridge/external/PF_PROTOCOL_REGISTRY.tsv+pf_bridge/external/PF_SERIALIZER_FIELDS.tsv
0x379A	Equipment_AddEnhanceMaxLevelResultVital	Equipment_	0	NAME-ONLY	docs/PF_VITAL_NAMES.json+pf_bridge/external/PF_PROTOCOL_REGISTRY.tsv+pf_bridge/external/PF_SERIALIZER_FIELDS.tsv
0x37B1	PartyInviteVital	(unprefixed)	0	SOURCE	src/pirateforce_foundation/runtime.py:393
0x3A59	Equipment_RecoverBladeSoulWakenessVital	Equipment_	0	NAME-ONLY	docs/PF_VITAL_NAMES.json+pf_bridge/external/PF_PROTOCOL_REGISTRY.tsv+pf_bridge/external/PF_SERIALIZER_FIELDS.tsv
0x3B06	CollectionObj_SailorLevelUpRequestVital	CollectionObj_	0	NAME-ONLY	docs/PF_VITAL_NAMES.json+pf_bridge/external/PF_PROTOCOL_REGISTRY.tsv+pf_bridge/external/PF_SERIALIZER_FIELDS.tsv+docs/UI_LANE.md
0x3C4D	Community_CommunityCommandNotAllowVital	Community_	0	NAME-ONLY	docs/PF_VITAL_NAMES.json+pf_bridge/external/PF_PROTOCOL_REGISTRY.tsv+pf_bridge/external/PF_SERIALIZER_FIELDS.tsv+docs/UI_LANE.md
0x3D4B	GetWorldInfoVital	(unprefixed)	0	NAME-ONLY	docs/PF_VITAL_NAMES.json+pf_bridge/external/PF_PROTOCOL_REGISTRY.tsv+pf_bridge/external/PF_SERIALIZER_FIELDS.tsv+docs/UI_LANE.md
0x3DD6	ReliveMarkerVital	(unprefixed)	0	NAME-ONLY	docs/PF_VITAL_NAMES.json+pf_bridge/external/PF_PROTOCOL_REGISTRY.tsv+pf_bridge/external/PF_SERIALIZER_FIELDS.tsv+docs/UI_LANE.md
0x3DE4	StallOperateVital	(unprefixed)	0	NAME-ONLY	docs/PF_VITAL_NAMES.json+pf_bridge/external/PF_PROTOCOL_REGISTRY.tsv+pf_bridge/external/PF_SERIALIZER_FIELDS.tsv+docs/UI_LANE.md
0x3E0F	CShotMissileVital	(unprefixed)	0	NAME-ONLY	docs/PF_VITAL_NAMES.json+pf_bridge/external/PF_PROTOCOL_REGISTRY.tsv+pf_bridge/external/PF_SERIALIZER_FIELDS.tsv
0x3E10	EquipFashionVital	(unprefixed)	0	NAME-ONLY	pf_bridge/external/PF_PROTOCOL_REGISTRY.tsv+pf_bridge/external/PF_SERIALIZER_FIELDS.tsv
0x3E1C	DyeingRemoveVital	(unprefixed)	0	NAME-ONLY	docs/PF_VITAL_NAMES.json+pf_bridge/external/PF_PROTOCOL_REGISTRY.tsv+pf_bridge/external/PF_SERIALIZER_FIELDS.tsv+docs/UI_LANE.md
0x3E29	CSearchPartyVital	(unprefixed)	0	NAME-ONLY	docs/PF_VITAL_NAMES.json+pf_bridge/external/PF_PROTOCOL_REGISTRY.tsv+pf_bridge/external/PF_SERIALIZER_FIELDS.tsv
0x3E34	QuestOperateVital	(unprefixed)	0	NAME-ONLY	docs/PF_VITAL_NAMES.json+pf_bridge/external/PF_PROTOCOL_REGISTRY.tsv+pf_bridge/external/PF_SERIALIZER_FIELDS.tsv
0x3E44	Equipment_EnhancemenTransferResultVital	Equipment_	0	NAME-ONLY	docs/PF_VITAL_NAMES.json+pf_bridge/external/PF_PROTOCOL_REGISTRY.tsv+pf_bridge/external/PF_SERIALIZER_FIELDS.tsv
0x3E48	GetNewsflashVital	(unprefixed)	0	NAME-ONLY	docs/PF_VITAL_NAMES.json+pf_bridge/external/PF_PROTOCOL_REGISTRY.tsv+pf_bridge/external/PF_SERIALIZER_FIELDS.tsv
0x3E50	Community_CommunityPropertyChangedVital	Community_	0	NAME-ONLY	pf_bridge/external/PF_PROTOCOL_REGISTRY.tsv+pf_bridge/external/PF_SERIALIZER_FIELDS.tsv+docs/UI_LANE.md
0x3E56	CArenaResultVital	(unprefixed)	0	NAME-ONLY	docs/PF_VITAL_NAMES.json+pf_bridge/external/PF_PROTOCOL_REGISTRY.tsv+pf_bridge/external/PF_SERIALIZER_FIELDS.tsv
0x3E60	ActorInspectVital	(unprefixed)	0	NAME-ONLY	docs/PF_VITAL_NAMES.json+pf_bridge/external/PF_PROTOCOL_REGISTRY.tsv+pf_bridge/external/PF_SERIALIZER_FIELDS.tsv
0x3EAF	MusicControlVital	(unprefixed)	0	NAME-ONLY	docs/PF_VITAL_NAMES.json+pf_bridge/external/PF_PROTOCOL_REGISTRY.tsv+pf_bridge/external/PF_SERIALIZER_FIELDS.tsv
0x4115	Pets_SetPetAIVital	Pets_	0	NAME-ONLY	docs/PF_VITAL_NAMES.json+pf_bridge/external/PF_PROTOCOL_REGISTRY.tsv+pf_bridge/external/PF_SERIALIZER_FIELDS.tsv+docs/UI_LANE.md
0x42BF	LSCN_LoginVitalReq	LSCN_	1	NAME-ONLY	docs/PF_VITAL_NAMES.json+pf_bridge/external/PF_PROTOCOL_REGISTRY.tsv+pf_bridge/external/PF_SERIALIZER_FIELDS.tsv
0x42E3	LSCN_LoginVitalRes	LSCN_	0	NAME-ONLY	docs/PF_VITAL_NAMES.json+pf_bridge/external/PF_PROTOCOL_REGISTRY.tsv+pf_bridge/external/PF_SERIALIZER_FIELDS.tsv
0x4302	CTextFileDataVital	(unprefixed)	0	NAME-ONLY	docs/PF_VITAL_NAMES.json+pf_bridge/external/PF_PROTOCOL_REGISTRY.tsv+pf_bridge/external/PF_SERIALIZER_FIELDS.tsv
0x4323	StartGameFailVital	(unprefixed)	0	NAME-ONLY	docs/PF_VITAL_NAMES.json+pf_bridge/external/PF_PROTOCOL_REGISTRY.tsv+pf_bridge/external/PF_SERIALIZER_FIELDS.tsv
0x4373	CHitParadeReqVital	(unprefixed)	1	NAME-ONLY	docs/PF_VITAL_NAMES.json+pf_bridge/external/PF_PROTOCOL_REGISTRY.tsv+pf_bridge/external/PF_SERIALIZER_FIELDS.tsv
0x4391	CTracePathReqVital	(unprefixed)	1	NAME-ONLY	docs/PF_VITAL_NAMES.json+pf_bridge/external/PF_PROTOCOL_REGISTRY.tsv+pf_bridge/external/PF_SERIALIZER_FIELDS.tsv+docs/UI_LANE.md
0x43FC	PandoraBoxVitalReq	(unprefixed)	1	NAME-ONLY	docs/PF_VITAL_NAMES.json+pf_bridge/external/PF_PROTOCOL_REGISTRY.tsv+pf_bridge/external/PF_SERIALIZER_FIELDS.tsv
0x4407	FashionChangeVital	(unprefixed)	0	NAME-ONLY	pf_bridge/external/PF_PROTOCOL_REGISTRY.tsv+pf_bridge/external/PF_SERIALIZER_FIELDS.tsv
0x441A	DyeingShipVitalReq	(unprefixed)	1	NAME-ONLY	docs/PF_VITAL_NAMES.json+pf_bridge/external/PF_PROTOCOL_REGISTRY.tsv+pf_bridge/external/PF_SERIALIZER_FIELDS.tsv+docs/UI_LANE.md
0x4420	PandoraBoxVitalRes	(unprefixed)	0	NAME-ONLY	docs/PF_VITAL_NAMES.json+pf_bridge/external/PF_PROTOCOL_REGISTRY.tsv+pf_bridge/external/PF_SERIALIZER_FIELDS.tsv
0x4477	TeleportCheckVital	(unprefixed)	0	NAME-ONLY	docs/PF_VITAL_NAMES.json+pf_bridge/external/PF_PROTOCOL_REGISTRY.tsv+pf_bridge/external/PF_SERIALIZER_FIELDS.tsv
0x45CF	AppraisalStopVital	(unprefixed)	0	NAME-ONLY	docs/PF_VITAL_NAMES.json+pf_bridge/external/PF_PROTOCOL_REGISTRY.tsv+pf_bridge/external/PF_SERIALIZER_FIELDS.tsv+docs/UI_LANE.md
0x45F0	CRevertSkilltVital	(unprefixed)	0	NAME-ONLY	docs/PF_VITAL_NAMES.json+pf_bridge/external/PF_PROTOCOL_REGISTRY.tsv+pf_bridge/external/PF_SERIALIZER_FIELDS.tsv
0x461C	StorageResultVital	(unprefixed)	0	NAME-ONLY	docs/PF_VITAL_NAMES.json+pf_bridge/external/PF_PROTOCOL_REGISTRY.tsv+pf_bridge/external/PF_SERIALIZER_FIELDS.tsv
0x462C	GCGSSS_GuildStorageVital_ReArrangeResult	GCGSSS_	0	NAME-ONLY	docs/PF_VITAL_NAMES.json+pf_bridge/external/PF_PROTOCOL_REGISTRY.tsv+pf_bridge/external/PF_SERIALIZER_FIELDS.tsv
0x469D	ItemSynthesisVital	(unprefixed)	0	NAME-ONLY	docs/PF_VITAL_NAMES.json+pf_bridge/external/PF_PROTOCOL_REGISTRY.tsv+pf_bridge/external/PF_SERIALIZER_FIELDS.tsv
0x4742	Community_SSRequestPenpalLetterDataVital	Community_	0	UNTOUCHED	-
0x4942	BuildingCrystal_SpeedUpBuildCrystalVital	BuildingCrystal_	0	NAME-ONLY	docs/PF_VITAL_NAMES.json+pf_bridge/external/PF_PROTOCOL_REGISTRY.tsv+pf_bridge/external/PF_SERIALIZER_FIELDS.tsv
0x4966	Gathering_UpdateSceneGatheringPointVital	Gathering_	0	NAME-ONLY	pf_bridge/external/PF_PROTOCOL_REGISTRY.tsv+pf_bridge/external/PF_SERIALIZER_FIELDS.tsv+docs/UI_LANE.md
0x49A9	CArenaGameDataVital	(unprefixed)	0	NAME-ONLY	docs/PF_VITAL_NAMES.json+pf_bridge/external/PF_PROTOCOL_REGISTRY.tsv+pf_bridge/external/PF_SERIALIZER_FIELDS.tsv
0x4B98	CheckSecondPwdVital	(unprefixed)	0	SOURCE	src/pirateforce_foundation/mob_drop_presence.py:947
0x4BED	ItemOperateVitalReq	(unprefixed)	1	NAME-ONLY	docs/PF_VITAL_NAMES.json+pf_bridge/external/PF_PROTOCOL_REGISTRY.tsv+pf_bridge/external/PF_SERIALIZER_FIELDS.tsv
0x4BF1	DailyRewardVitalReq	(unprefixed)	1	NAME-ONLY	docs/PF_VITAL_NAMES.json+pf_bridge/external/PF_PROTOCOL_REGISTRY.tsv+pf_bridge/external/PF_SERIALIZER_FIELDS.tsv
0x4C13	ItemOperateVitalRes	(unprefixed)	0	SOURCE	src/pirateforce_foundation/item_operate_res_hypothesis.py:132
0x4C17	DailyRewardVitalRes	(unprefixed)	0	NAME-ONLY	docs/PF_VITAL_NAMES.json+pf_bridge/external/PF_PROTOCOL_REGISTRY.tsv+pf_bridge/external/PF_SERIALIZER_FIELDS.tsv
0x4C1C	Activity_BasicVital	Activity_	0	NAME-ONLY	docs/PF_VITAL_NAMES.json+pf_bridge/external/PF_PROTOCOL_REGISTRY.tsv+pf_bridge/external/PF_SERIALIZER_FIELDS.tsv+docs/UI_LANE.md
0x4C4D	Pets_MergePetsVital	Pets_	0	NAME-ONLY	docs/PF_VITAL_NAMES.json+pf_bridge/external/PF_PROTOCOL_REGISTRY.tsv+pf_bridge/external/PF_SERIALIZER_FIELDS.tsv+docs/UI_LANE.md
0x4C63	TriggerMessageVital	(unprefixed)	0	NAME-ONLY	docs/PF_VITAL_NAMES.json+pf_bridge/external/PF_PROTOCOL_REGISTRY.tsv+pf_bridge/external/PF_SERIALIZER_FIELDS.tsv
0x4C74	Community_UpdatePenpalLetterDataToDBVital	Community_	0	UNTOUCHED	-
0x4CEC	Pets_SummonPetVital	Pets_	0	NAME-ONLY	docs/PF_VITAL_NAMES.json+pf_bridge/external/PF_PROTOCOL_REGISTRY.tsv+pf_bridge/external/PF_SERIALIZER_FIELDS.tsv+docs/UI_LANE.md
0x4D0D	InstanceInviteVital	(unprefixed)	0	NAME-ONLY	docs/PF_VITAL_NAMES.json+pf_bridge/external/PF_PROTOCOL_REGISTRY.tsv+pf_bridge/external/PF_SERIALIZER_FIELDS.tsv
0x4D68	ItemMallResultVital	(unprefixed)	0	NAME-ONLY	docs/PF_VITAL_NAMES.json+pf_bridge/external/PF_PROTOCOL_REGISTRY.tsv+pf_bridge/external/PF_SERIALIZER_FIELDS.tsv
0x4D86	BuildingCrystal_InsertCrystalToSlotVital	BuildingCrystal_	0	NAME-ONLY	docs/PF_VITAL_NAMES.json+pf_bridge/external/PF_PROTOCOL_REGISTRY.tsv+pf_bridge/external/PF_SERIALIZER_FIELDS.tsv
0x4DDA	CStartCooldownVital	(unprefixed)	0	NAME-ONLY	pf_bridge/external/PF_PROTOCOL_REGISTRY.tsv+pf_bridge/external/PF_SERIALIZER_FIELDS.tsv
0x515F	UpdateNPCAppearVital	(unprefixed)	0	NAME-ONLY	docs/PF_VITAL_NAMES.json+pf_bridge/external/PF_PROTOCOL_REGISTRY.tsv+pf_bridge/external/PF_SERIALIZER_FIELDS.tsv
0x51A2	CollectionObj_UpdateCollectionObjBagVital	CollectionObj_	0	NAME-ONLY	docs/PF_VITAL_NAMES.json+pf_bridge/external/PF_PROTOCOL_REGISTRY.tsv+pf_bridge/external/PF_SERIALIZER_FIELDS.tsv+docs/UI_LANE.md
0x51E9	GM_RunGMCommandVital	GM_	0	SOURCE	src/pirateforce_foundation/gm/command_capture.py:750
0x52D4	ServerAddedInfoVital	(unprefixed)	0	NAME-ONLY	pf_bridge/external/PF_PROTOCOL_REGISTRY.tsv+pf_bridge/external/PF_SERIALIZER_FIELDS.tsv
0x532C	AddEmbedSlotVitalReq	(unprefixed)	1	NAME-ONLY	docs/PF_VITAL_NAMES.json+pf_bridge/external/PF_PROTOCOL_REGISTRY.tsv+pf_bridge/external/PF_SERIALIZER_FIELDS.tsv
0x5354	AddEmbedSlotVitalRes	(unprefixed)	0	NAME-ONLY	docs/PF_VITAL_NAMES.json+pf_bridge/external/PF_PROTOCOL_REGISTRY.tsv+pf_bridge/external/PF_SERIALIZER_FIELDS.tsv
0x537A	PlayerSearchVitalReq	(unprefixed)	1	NAME-ONLY	docs/PF_VITAL_NAMES.json+pf_bridge/external/PF_PROTOCOL_REGISTRY.tsv+pf_bridge/external/PF_SERIALIZER_FIELDS.tsv
0x5389	ChangeSecondPwdVital	(unprefixed)	0	NAME-ONLY	docs/PF_VITAL_NAMES.json+pf_bridge/external/PF_PROTOCOL_REGISTRY.tsv+pf_bridge/external/PF_SERIALIZER_FIELDS.tsv
0x53A2	PlayerSearchVitalRes	(unprefixed)	0	NAME-ONLY	docs/PF_VITAL_NAMES.json+pf_bridge/external/PF_PROTOCOL_REGISTRY.tsv+pf_bridge/external/PF_SERIALIZER_FIELDS.tsv
0x53F6	CBlockPointHelpVital	(unprefixed)	0	NAME-ONLY	docs/PF_VITAL_NAMES.json+pf_bridge/external/PF_PROTOCOL_REGISTRY.tsv+pf_bridge/external/PF_SERIALIZER_FIELDS.tsv
0x546D	FriendExtendNumVital	(unprefixed)	0	NAME-ONLY	docs/PF_VITAL_NAMES.json+pf_bridge/external/PF_PROTOCOL_REGISTRY.tsv+pf_bridge/external/PF_SERIALIZER_FIELDS.tsv
0x54D0	PurchaseServiceVital	(unprefixed)	0	NAME-ONLY	docs/PF_VITAL_NAMES.json+pf_bridge/external/PF_PROTOCOL_REGISTRY.tsv+pf_bridge/external/PF_SERIALIZER_FIELDS.tsv
0x54D9	InstanceRefreshVital	(unprefixed)	0	NAME-ONLY	docs/PF_VITAL_NAMES.json+pf_bridge/external/PF_PROTOCOL_REGISTRY.tsv+pf_bridge/external/PF_SERIALIZER_FIELDS.tsv
0x54F6	SwitchServerResVital	(unprefixed)	0	NAME-ONLY	docs/PF_VITAL_NAMES.json+pf_bridge/external/PF_PROTOCOL_REGISTRY.tsv+pf_bridge/external/PF_SERIALIZER_FIELDS.tsv
0x556C	Channel_WhisperVital	Channel_	0	SOURCE	src/pirateforce_foundation/channel_message_hypothesis.py:151
0x557B	TradeItemResultVital	(unprefixed)	0	NAME-ONLY	docs/PF_VITAL_NAMES.json+pf_bridge/external/PF_PROTOCOL_REGISTRY.tsv+pf_bridge/external/PF_SERIALIZER_FIELDS.tsv
0x56D8	CHitParadeReqVital_JP	CHitParadeReqVital_	1	NAME-ONLY	docs/PF_VITAL_NAMES.json+pf_bridge/external/PF_PROTOCOL_REGISTRY.tsv+pf_bridge/external/PF_SERIALIZER_FIELDS.tsv
0x56F2	CHitParadeResVital_JP	CHitParadeResVital_	0	NAME-ONLY	docs/PF_VITAL_NAMES.json+pf_bridge/external/PF_PROTOCOL_REGISTRY.tsv+pf_bridge/external/PF_SERIALIZER_FIELDS.tsv
0x57BC	Community_TargetConfirmSoulMateMatchVital	Community_	0	NAME-ONLY	docs/PF_VITAL_NAMES.json+pf_bridge/external/PF_PROTOCOL_REGISTRY.tsv+pf_bridge/external/PF_SERIALIZER_FIELDS.tsv+docs/UI_LANE.md
0x59AB	BuildingCrystal_ExtractCrystalFailedVital	BuildingCrystal_	0	NAME-ONLY	docs/PF_VITAL_NAMES.json+pf_bridge/external/PF_PROTOCOL_REGISTRY.tsv+pf_bridge/external/PF_SERIALIZER_FIELDS.tsv
0x5A19	GM_UpdateGMStateVital	GM_	0	SOURCE	src/pirateforce_foundation/gm/gmui_catalog.py:517
0x5C35	ChangeFeatureVitalReq	(unprefixed)	1	NAME-ONLY	docs/PF_VITAL_NAMES.json+pf_bridge/external/PF_PROTOCOL_REGISTRY.tsv+pf_bridge/external/PF_SERIALIZER_FIELDS.tsv
0x5C5F	ChangeFeatureVitalRes	(unprefixed)	0	NAME-ONLY	docs/PF_VITAL_NAMES.json+pf_bridge/external/PF_PROTOCOL_REGISTRY.tsv+pf_bridge/external/PF_SERIALIZER_FIELDS.tsv
0x5C79	Pets_SetPetSkillVital	Pets_	0	NAME-ONLY	docs/PF_VITAL_NAMES.json+pf_bridge/external/PF_PROTOCOL_REGISTRY.tsv+pf_bridge/external/PF_SERIALIZER_FIELDS.tsv+docs/UI_LANE.md
0x5CAD	GuildStorageOpenVital	(unprefixed)	0	NAME-ONLY	docs/UI_LANE.md
0x5CD2	TriggerCastSkillVital	(unprefixed)	0	NAME-ONLY	docs/PF_VITAL_NAMES.json+pf_bridge/external/PF_PROTOCOL_REGISTRY.tsv+pf_bridge/external/PF_SERIALIZER_FIELDS.tsv
0x5CE2	ItemMallPurchaseVital	(unprefixed)	0	NAME-ONLY	docs/PF_VITAL_NAMES.json+pf_bridge/external/PF_PROTOCOL_REGISTRY.tsv+pf_bridge/external/PF_SERIALIZER_FIELDS.tsv
0x5D4B	CarryableServiceVital	(unprefixed)	0	NAME-ONLY	docs/PF_VITAL_NAMES.json+pf_bridge/external/PF_PROTOCOL_REGISTRY.tsv+pf_bridge/external/PF_SERIALIZER_FIELDS.tsv
0x5DA0	CastEquipmentVitalReq	(unprefixed)	1	NAME-ONLY	docs/PF_VITAL_NAMES.json+pf_bridge/external/PF_PROTOCOL_REGISTRY.tsv+pf_bridge/external/PF_SERIALIZER_FIELDS.tsv
0x5DAA	CAchievementsMsgVital	(unprefixed)	0	NAME-ONLY	docs/PF_VITAL_NAMES.json+pf_bridge/external/PF_PROTOCOL_REGISTRY.tsv+pf_bridge/external/PF_SERIALIZER_FIELDS.tsv
0x5DCA	CastEquipmentVitalRes	(unprefixed)	0	NAME-ONLY	docs/PF_VITAL_NAMES.json+pf_bridge/external/PF_PROTOCOL_REGISTRY.tsv+pf_bridge/external/PF_SERIALIZER_FIELDS.tsv
0x5DEB	UpdateDailyQuestVital	(unprefixed)	0	NAME-ONLY	docs/PF_VITAL_NAMES.json+pf_bridge/external/PF_PROTOCOL_REGISTRY.tsv+pf_bridge/external/PF_SERIALIZER_FIELDS.tsv
0x5E3C	Pets_UnsummonPetVital	Pets_	0	NAME-ONLY	docs/PF_VITAL_NAMES.json+pf_bridge/external/PF_PROTOCOL_REGISTRY.tsv+pf_bridge/external/PF_SERIALIZER_FIELDS.tsv+docs/UI_LANE.md
0x60C6	Community_GetActorCommunityDataFromDBVital	Community_	0	UNTOUCHED	-
0x6247	GSSS_GuildDataVitalRes	GSSS_	0	NAME-ONLY	pf_bridge/external/PF_PROTOCOL_REGISTRY.tsv+pf_bridge/external/PF_SERIALIZER_FIELDS.tsv
0x640A	ItemBindingUnLockVital	(unprefixed)	0	NAME-ONLY	docs/PF_VITAL_NAMES.json+pf_bridge/external/PF_PROTOCOL_REGISTRY.tsv+pf_bridge/external/PF_SERIALIZER_FIELDS.tsv
0x6416	CTimerMessageVital_GSGC	CTimerMessageVital_	0	NAME-ONLY	docs/PF_VITAL_NAMES.json+pf_bridge/external/PF_PROTOCOL_REGISTRY.tsv+pf_bridge/external/PF_SERIALIZER_FIELDS.tsv
0x6545	CollectionBookVitalRes	(unprefixed)	0	NAME-ONLY	docs/PF_VITAL_NAMES.json+pf_bridge/external/PF_PROTOCOL_REGISTRY.tsv+pf_bridge/external/PF_SERIALIZER_FIELDS.tsv
0x6706	Equipment_ReceiveCandidateCastingItemVital	Equipment_	0	NAME-ONLY	docs/PF_VITAL_NAMES.json+pf_bridge/external/PF_PROTOCOL_REGISTRY.tsv+pf_bridge/external/PF_SERIALIZER_FIELDS.tsv
0x673C	CLearnSkillResultVital	(unprefixed)	0	NAME-ONLY	pf_bridge/external/PF_PROTOCOL_REGISTRY.tsv+pf_bridge/external/PF_SERIALIZER_FIELDS.tsv
0x6764	InstanceStatisticVital	(unprefixed)	0	NAME-ONLY	docs/PF_VITAL_NAMES.json+pf_bridge/external/PF_PROTOCOL_REGISTRY.tsv+pf_bridge/external/PF_SERIALIZER_FIELDS.tsv
0x6853	ItemSynthesisStopVital	(unprefixed)	0	NAME-ONLY	docs/PF_VITAL_NAMES.json+pf_bridge/external/PF_PROTOCOL_REGISTRY.tsv+pf_bridge/external/PF_SERIALIZER_FIELDS.tsv
0x6936	CHitParadeResetVital_JP	CHitParadeResetVital_	0	NAME-ONLY	docs/PF_VITAL_NAMES.json+pf_bridge/external/PF_PROTOCOL_REGISTRY.tsv+pf_bridge/external/PF_SERIALIZER_FIELDS.tsv
0x6CEC	Activity_CheatCodeVital	Activity_	0	SOURCE	src/pirateforce_foundation/gm/command_capture.py:803
0x6D09	GSSS_GuildEventVitalReq	GSSS_	1	NAME-ONLY	pf_bridge/external/PF_PROTOCOL_REGISTRY.tsv+pf_bridge/external/PF_SERIALIZER_FIELDS.tsv
0x6D23	ItemBindingLockVitalRes	(unprefixed)	0	NAME-ONLY	docs/PF_VITAL_NAMES.json+pf_bridge/external/PF_PROTOCOL_REGISTRY.tsv+pf_bridge/external/PF_SERIALIZER_FIELDS.tsv
0x6D37	GSSS_GuildEventVitalRes	GSSS_	0	NAME-ONLY	pf_bridge/external/PF_PROTOCOL_REGISTRY.tsv+pf_bridge/external/PF_SERIALIZER_FIELDS.tsv
0x6D75	TreasureHunt_UpdateSceneTreasurePointVital	TreasureHunt_	0	NAME-ONLY	docs/PF_VITAL_NAMES.json+pf_bridge/external/PF_PROTOCOL_REGISTRY.tsv+pf_bridge/external/PF_SERIALIZER_FIELDS.tsv+docs/UI_LANE.md
0x6E10	FingerGuessingGameVital	(unprefixed)	0	NAME-ONLY	docs/PF_VITAL_NAMES.json+pf_bridge/external/PF_PROTOCOL_REGISTRY.tsv+pf_bridge/external/PF_SERIALIZER_FIELDS.tsv
0x6E12	Community_SendMailVital	Community_	0	SOURCE	src/pirateforce_foundation/runtime.py:397
0x6E55	Pets_LearnPetSkillVital	Pets_	0	NAME-ONLY	docs/PF_VITAL_NAMES.json+pf_bridge/external/PF_PROTOCOL_REGISTRY.tsv+pf_bridge/external/PF_SERIALIZER_FIELDS.tsv+docs/UI_LANE.md
0x6F03	LSCN_ReloginVerifyVital	LSCN_	0	NAME-ONLY	pf_bridge/external/PF_PROTOCOL_REGISTRY.tsv+pf_bridge/external/PF_SERIALIZER_FIELDS.tsv
0x6F24	TranslatePortalVitalReq	(unprefixed)	1	NAME-ONLY	docs/PF_VITAL_NAMES.json+pf_bridge/external/PF_PROTOCOL_REGISTRY.tsv+pf_bridge/external/PF_SERIALIZER_FIELDS.tsv
0x6F52	TranslatePortalVitalRes	(unprefixed)	0	NAME-ONLY	docs/PF_VITAL_NAMES.json+pf_bridge/external/PF_PROTOCOL_REGISTRY.tsv+pf_bridge/external/PF_SERIALIZER_FIELDS.tsv
0x6F6A	ItemMallGiftNotifyVital	(unprefixed)	0	NAME-ONLY	pf_bridge/external/PF_PROTOCOL_REGISTRY.tsv+pf_bridge/external/PF_SERIALIZER_FIELDS.tsv
0x709E	ReturnSelectServerVital	(unprefixed)	0	NAME-ONLY	docs/PF_VITAL_NAMES.json+pf_bridge/external/PF_PROTOCOL_REGISTRY.tsv+pf_bridge/external/PF_SERIALIZER_FIELDS.tsv+docs/UI_LANE.md
0x70D0	GuildStorageResultVital	(unprefixed)	0	NAME-ONLY	docs/UI_LANE.md
0x71AD	Community_UpdateActorCommunityDataToDBVital	Community_	0	UNTOUCHED	-
0x73DD	Community_SSRequestLetterInABottleDataVital	Community_	0	UNTOUCHED	-
0x7593	CHitParadeActorDataVital	(unprefixed)	0	NAME-ONLY	pf_bridge/external/PF_PROTOCOL_REGISTRY.tsv+pf_bridge/external/PF_SERIALIZER_FIELDS.tsv
0x76A5	UpdateQuestMiscDataVital	(unprefixed)	0	NAME-ONLY	docs/PF_VITAL_NAMES.json+pf_bridge/external/PF_PROTOCOL_REGISTRY.tsv+pf_bridge/external/PF_SERIALIZER_FIELDS.tsv
0x76B9	Pets_UpdatePetsDataVital	Pets_	0	NAME-ONLY	docs/PF_VITAL_NAMES.json+pf_bridge/external/PF_PROTOCOL_REGISTRY.tsv+pf_bridge/external/PF_SERIALIZER_FIELDS.tsv+docs/UI_LANE.md
0x76ED	Equipment_EmbedItemVital	Equipment_	0	NAME-ONLY	docs/PF_VITAL_NAMES.json+pf_bridge/external/PF_PROTOCOL_REGISTRY.tsv+pf_bridge/external/PF_SERIALIZER_FIELDS.tsv
0x7702	ItemMallGashaponDesVital	(unprefixed)	0	NAME-ONLY	docs/PF_VITAL_NAMES.json+pf_bridge/external/PF_PROTOCOL_REGISTRY.tsv+pf_bridge/external/PF_SERIALIZER_FIELDS.tsv
0x7709	ItemMallReceiveGiftVital	(unprefixed)	0	NAME-ONLY	docs/PF_VITAL_NAMES.json+pf_bridge/external/PF_PROTOCOL_REGISTRY.tsv+pf_bridge/external/PF_SERIALIZER_FIELDS.tsv
0x7711	Community_AddFriendVital	Community_	0	NAME-ONLY	docs/PF_VITAL_NAMES.json+pf_bridge/external/PF_PROTOCOL_REGISTRY.tsv+pf_bridge/external/PF_SERIALIZER_FIELDS.tsv
0x776C	ChangeEquipLevelVitalReq	(unprefixed)	1	NAME-ONLY	docs/PF_VITAL_NAMES.json+pf_bridge/external/PF_PROTOCOL_REGISTRY.tsv+pf_bridge/external/PF_SERIALIZER_FIELDS.tsv
0x779C	ChangeEquipLevelVitalRes	(unprefixed)	0	NAME-ONLY	docs/PF_VITAL_NAMES.json+pf_bridge/external/PF_PROTOCOL_REGISTRY.tsv+pf_bridge/external/PF_SERIALIZER_FIELDS.tsv
0x79D5	CAchievementsUpdateVital	(unprefixed)	0	NAME-ONLY	docs/PF_VITAL_NAMES.json+pf_bridge/external/PF_PROTOCOL_REGISTRY.tsv+pf_bridge/external/PF_SERIALIZER_FIELDS.tsv
0x79E4	Community_UpdateLetterInABottleDataToDBVital	Community_	0	UNTOUCHED	-
0x79FF	CAchievementsRewardVital	(unprefixed)	0	NAME-ONLY	docs/PF_VITAL_NAMES.json+pf_bridge/external/PF_PROTOCOL_REGISTRY.tsv+pf_bridge/external/PF_SERIALIZER_FIELDS.tsv
0x7A94	NavigationEx_UseAddingMoraleItemResultVital	NavigationEx_	0	NAME-ONLY	docs/PF_VITAL_NAMES.json+pf_bridge/external/PF_PROTOCOL_REGISTRY.tsv+pf_bridge/external/PF_SERIALIZER_FIELDS.tsv
0x7F17	GCGS_GuildStorageCmdVital	GCGS_	0	NAME-ONLY	docs/PF_VITAL_NAMES.json+pf_bridge/external/PF_PROTOCOL_REGISTRY.tsv+pf_bridge/external/PF_SERIALIZER_FIELDS.tsv
0x7F5B	GSSS_GuildStorageCmdVital	GSSS_	0	NAME-ONLY	pf_bridge/external/PF_PROTOCOL_REGISTRY.tsv+pf_bridge/external/PF_SERIALIZER_FIELDS.tsv
0x7FB6	ActorActivity_UpdateDailyActivityStateVital	ActorActivity_	0	NAME-ONLY	pf_bridge/external/PF_PROTOCOL_REGISTRY.tsv+pf_bridge/external/PF_SERIALIZER_FIELDS.tsv+docs/UI_LANE.md
0x80A0	BuildingCrystal_ExtractCrystalFromSlotVital	BuildingCrystal_	0	NAME-ONLY	docs/PF_VITAL_NAMES.json+pf_bridge/external/PF_PROTOCOL_REGISTRY.tsv+pf_bridge/external/PF_SERIALIZER_FIELDS.tsv
0x8183	Community_DeleteMailVital	Community_	0	SOURCE	src/pirateforce_foundation/runtime.py:399
0x8189	Channel_GuildMessageVital	Channel_	0	SOURCE	src/pirateforce_foundation/channel_message_hypothesis.py:171
0x8230	ItemMallPersonalGiftVital	(unprefixed)	0	NAME-ONLY	docs/PF_VITAL_NAMES.json+pf_bridge/external/PF_PROTOCOL_REGISTRY.tsv+pf_bridge/external/PF_SERIALIZER_FIELDS.tsv
0x82C9	Activity_SendRankingVital	Activity_	0	NAME-ONLY	docs/PF_VITAL_NAMES.json+pf_bridge/external/PF_PROTOCOL_REGISTRY.tsv+pf_bridge/external/PF_SERIALIZER_FIELDS.tsv+docs/UI_LANE.md
0x82E6	Channel_PartyMessageVital	Channel_	0	SOURCE	src/pirateforce_foundation/channel_message_hypothesis.py:170
0x83B1	ActorActivity_ResetDailyActivityResultVital	ActorActivity_	0	NAME-ONLY	docs/PF_VITAL_NAMES.json+pf_bridge/external/PF_PROTOCOL_REGISTRY.tsv+pf_bridge/external/PF_SERIALIZER_FIELDS.tsv+docs/UI_LANE.md
0x83B5	Pets_RestorePetAmityVital	Pets_	0	NAME-ONLY	docs/PF_VITAL_NAMES.json+pf_bridge/external/PF_PROTOCOL_REGISTRY.tsv+pf_bridge/external/PF_SERIALIZER_FIELDS.tsv+docs/UI_LANE.md
0x845C	Pets_MergePetsResultVital	Pets_	0	NAME-ONLY	docs/PF_VITAL_NAMES.json+pf_bridge/external/PF_PROTOCOL_REGISTRY.tsv+pf_bridge/external/PF_SERIALIZER_FIELDS.tsv+docs/UI_LANE.md
0x858C	Activity_NewActivityVital	Activity_	0	NAME-ONLY	docs/PF_VITAL_NAMES.json+pf_bridge/external/PF_PROTOCOL_REGISTRY.tsv+pf_bridge/external/PF_SERIALIZER_FIELDS.tsv+docs/UI_LANE.md
0x862D	ItemTransformRequsetVital	(unprefixed)	0	NAME-ONLY	docs/PF_VITAL_NAMES.json+pf_bridge/external/PF_PROTOCOL_REGISTRY.tsv+pf_bridge/external/PF_SERIALIZER_FIELDS.tsv
0x8A7F	CollectionBookDataVitalRes	(unprefixed)	0	NAME-ONLY	docs/PF_VITAL_NAMES.json+pf_bridge/external/PF_PROTOCOL_REGISTRY.tsv+pf_bridge/external/PF_SERIALIZER_FIELDS.tsv
0x8B12	Pets_NotifySailorDeadVital	Pets_	0	NAME-ONLY	docs/PF_VITAL_NAMES.json+pf_bridge/external/PF_PROTOCOL_REGISTRY.tsv+pf_bridge/external/PF_SERIALIZER_FIELDS.tsv+docs/UI_LANE.md
0x8B66	GCSS_GuildStorageOpenVital	GCSS_	0	NAME-ONLY	pf_bridge/external/PF_PROTOCOL_REGISTRY.tsv+pf_bridge/external/PF_SERIALIZER_FIELDS.tsv
0x8B93	GSCN_AskForSystemGiftVital	GSCN_	0	NAME-ONLY	docs/PF_VITAL_NAMES.json+pf_bridge/external/PF_PROTOCOL_REGISTRY.tsv+pf_bridge/external/PF_SERIALIZER_FIELDS.tsv
0x8BA8	Equipment_EnhanceItemVital	Equipment_	0	NAME-ONLY	docs/PF_VITAL_NAMES.json+pf_bridge/external/PF_PROTOCOL_REGISTRY.tsv+pf_bridge/external/PF_SERIALIZER_FIELDS.tsv
0x8BBF	ItemMallTokenExchangeVital	(unprefixed)	0	NAME-ONLY	docs/PF_VITAL_NAMES.json+pf_bridge/external/PF_PROTOCOL_REGISTRY.tsv+pf_bridge/external/PF_SERIALIZER_FIELDS.tsv
0x8BEB	GSSS_GuildUpdateEventVital	GSSS_	0	NAME-ONLY	pf_bridge/external/PF_PROTOCOL_REGISTRY.tsv+pf_bridge/external/PF_SERIALIZER_FIELDS.tsv
0x8C77	GM_RunGMCommandResultVital	GM_	0	SOURCE	src/pirateforce_foundation/gm/gmui_catalog.py:510
0x8D16	Equipment_CastingItemVital	Equipment_	0	NAME-ONLY	docs/PF_VITAL_NAMES.json+pf_bridge/external/PF_PROTOCOL_REGISTRY.tsv+pf_bridge/external/PF_SERIALIZER_FIELDS.tsv
0x8D17	Activity_ActorCommandVital	Activity_	0	NAME-ONLY	docs/PF_VITAL_NAMES.json+pf_bridge/external/PF_PROTOCOL_REGISTRY.tsv+pf_bridge/external/PF_SERIALIZER_FIELDS.tsv+docs/UI_LANE.md
0x8D30	GM_ForbidToTalkResultVital	GM_	0	SOURCE	src/pirateforce_foundation/gm/gmui_catalog.py:525
0x8D5E	SwitchServerReplyVital_New	SwitchServerReplyVital_	0	NAME-ONLY	docs/PF_VITAL_NAMES.json+pf_bridge/external/PF_PROTOCOL_REGISTRY.tsv+pf_bridge/external/PF_SERIALIZER_FIELDS.tsv
0x8DE6	Equipment_ExtractItemVital	Equipment_	0	NAME-ONLY	docs/PF_VITAL_NAMES.json+pf_bridge/external/PF_PROTOCOL_REGISTRY.tsv+pf_bridge/external/PF_SERIALIZER_FIELDS.tsv
0x8E17	KnowledgeGuru_NewQuizVital	KnowledgeGuru_	0	NAME-ONLY	pf_bridge/external/PF_PROTOCOL_REGISTRY.tsv+pf_bridge/external/PF_SERIALIZER_FIELDS.tsv
0x8E24	Community_RequestorConfirmSoulMateMatchVital	Community_	0	NAME-ONLY	docs/PF_VITAL_NAMES.json+pf_bridge/external/PF_PROTOCOL_REGISTRY.tsv+pf_bridge/external/PF_SERIALIZER_FIELDS.tsv+docs/UI_LANE.md
0x8E98	BuildingCrystal_ExtractCrystalSucceededVital	BuildingCrystal_	0	NAME-ONLY	docs/PF_VITAL_NAMES.json+pf_bridge/external/PF_PROTOCOL_REGISTRY.tsv+pf_bridge/external/PF_SERIALIZER_FIELDS.tsv
0x8FB9	GetCollectionTreasureVital	(unprefixed)	0	NAME-ONLY	docs/PF_VITAL_NAMES.json+pf_bridge/external/PF_PROTOCOL_REGISTRY.tsv+pf_bridge/external/PF_SERIALIZER_FIELDS.tsv
0x9005	CHitParadeAvatarReqVital_JP	CHitParadeAvatarReqVital_	1	NAME-ONLY	docs/PF_VITAL_NAMES.json+pf_bridge/external/PF_PROTOCOL_REGISTRY.tsv+pf_bridge/external/PF_SERIALIZER_FIELDS.tsv
0x902B	CHitParadeAvatarResVital_JP	CHitParadeAvatarResVital_	0	NAME-ONLY	docs/PF_VITAL_NAMES.json+pf_bridge/external/PF_PROTOCOL_REGISTRY.tsv+pf_bridge/external/PF_SERIALIZER_FIELDS.tsv
0x9090	ItemTransformResponseVital	(unprefixed)	0	NAME-ONLY	docs/PF_VITAL_NAMES.json+pf_bridge/external/PF_PROTOCOL_REGISTRY.tsv+pf_bridge/external/PF_SERIALIZER_FIELDS.tsv
0x957A	Community_AddBlackListVital	Community_	0	NAME-ONLY	docs/PF_VITAL_NAMES.json+pf_bridge/external/PF_PROTOCOL_REGISTRY.tsv+pf_bridge/external/PF_SERIALIZER_FIELDS.tsv
0x972E	Winemaking_LearnFomulaVital	Winemaking_	0	NAME-ONLY	docs/PF_VITAL_NAMES.json+pf_bridge/external/PF_PROTOCOL_REGISTRY.tsv+pf_bridge/external/PF_SERIALIZER_FIELDS.tsv+docs/UI_LANE.md
0x974C	ItemMallCouponExchangeVital	(unprefixed)	0	NAME-ONLY	docs/PF_VITAL_NAMES.json+pf_bridge/external/PF_PROTOCOL_REGISTRY.tsv+pf_bridge/external/PF_SERIALIZER_FIELDS.tsv
0x98A1	Community_RemoveFriendVital	Community_	0	SOURCE	src/pirateforce_foundation/runtime.py:396
0x9B50	Pets_UpdatePetPropertyVital	Pets_	0	NAME-ONLY	docs/PF_VITAL_NAMES.json+pf_bridge/external/PF_PROTOCOL_REGISTRY.tsv+pf_bridge/external/PF_SERIALIZER_FIELDS.tsv+docs/UI_LANE.md
0x9D87	GSSS_GSInitialGuildDataVital	GSSS_	0	NAME-ONLY	pf_bridge/external/PF_PROTOCOL_REGISTRY.tsv+pf_bridge/external/PF_SERIALIZER_FIELDS.tsv
0x9EE4	Community_GSRequestChangeFriendshipValueVital	Community_	0	UNTOUCHED	-
0x9F2C	Channel_GMGlobalMessageVital	Channel_	0	SOURCE	src/pirateforce_foundation/channel_message_hypothesis.py:173
0xA1B3	DBSS_GuildStorageUpdateVital	DBSS_	0	NAME-ONLY	docs/PF_VITAL_NAMES.json+pf_bridge/external/PF_PROTOCOL_REGISTRY.tsv+pf_bridge/external/PF_SERIALIZER_FIELDS.tsv
0xA1E1	Express_GSAddNewExpressVital	Express_	0	NAME-ONLY	docs/UI_LANE.md
0xA226	ItemMallNotifyToeknModeVital	(unprefixed)	0	NAME-ONLY	docs/PF_VITAL_NAMES.json+pf_bridge/external/PF_PROTOCOL_REGISTRY.tsv+pf_bridge/external/PF_SERIALIZER_FIELDS.tsv
0xA31A	GSCN_RetieiveSystemGiftVital	GSCN_	0	NAME-ONLY	docs/PF_VITAL_NAMES.json+pf_bridge/external/PF_PROTOCOL_REGISTRY.tsv+pf_bridge/external/PF_SERIALIZER_FIELDS.tsv
0xA3CD	BuildingCrystal_AddNutrientToCrystalSlotVital	BuildingCrystal_	0	NAME-ONLY	docs/PF_VITAL_NAMES.json+pf_bridge/external/PF_PROTOCOL_REGISTRY.tsv+pf_bridge/external/PF_SERIALIZER_FIELDS.tsv
0xA3D2	Equipment_DecomposeItemVital	Equipment_	0	NAME-ONLY	docs/PF_VITAL_NAMES.json+pf_bridge/external/PF_PROTOCOL_REGISTRY.tsv+pf_bridge/external/PF_SERIALIZER_FIELDS.tsv
0xA466	Pets_ChangePetEquipmentVital	Pets_	0	NAME-ONLY	docs/PF_VITAL_NAMES.json+pf_bridge/external/PF_PROTOCOL_REGISTRY.tsv+pf_bridge/external/PF_SERIALIZER_FIELDS.tsv+docs/UI_LANE.md
0xAA3F	ActorActivity_ClientReportActivityResultVital	ActorActivity_	0	NAME-ONLY	docs/PF_VITAL_NAMES.json+pf_bridge/external/PF_PROTOCOL_REGISTRY.tsv+pf_bridge/external/PF_SERIALIZER_FIELDS.tsv+docs/UI_LANE.md
0xABA4	CollectionObj_CollectObjVital	CollectionObj_	0	NAME-ONLY	docs/PF_VITAL_NAMES.json+pf_bridge/external/PF_PROTOCOL_REGISTRY.tsv+pf_bridge/external/PF_SERIALIZER_FIELDS.tsv+docs/UI_LANE.md
0xAC52	Channel_LocalTalkMessageVital	Channel_	0	SOURCE	src/pirateforce_foundation/channel_message_hypothesis.py:169
0xAC9D	Channel_JoinClassChannelVital	Channel_	0	NAME-ONLY	docs/PF_VITAL_NAMES.json+pf_bridge/external/PF_PROTOCOL_REGISTRY.tsv+pf_bridge/external/PF_SERIALIZER_FIELDS.tsv+docs/UI_LANE.md
0xAD1B	Community_ReceiveNewMailVital	Community_	0	NAME-ONLY	docs/PF_VITAL_NAMES.json+pf_bridge/external/PF_PROTOCOL_REGISTRY.tsv+pf_bridge/external/PF_SERIALIZER_FIELDS.tsv
0xAD7A	DBSS_GuildStorageInitialVital	DBSS_	0	NAME-ONLY	pf_bridge/external/PF_PROTOCOL_REGISTRY.tsv+pf_bridge/external/PF_SERIALIZER_FIELDS.tsv
0xAE66	SSConectionStatusChangedVital	(unprefixed)	0	NAME-ONLY	docs/PF_VITAL_NAMES.json+pf_bridge/external/PF_PROTOCOL_REGISTRY.tsv+pf_bridge/external/PF_SERIALIZER_FIELDS.tsv
0xAE8C	Channel_LocalPerformanceVital	Channel_	0	NAME-ONLY	docs/PF_VITAL_NAMES.json+pf_bridge/external/PF_PROTOCOL_REGISTRY.tsv+pf_bridge/external/PF_SERIALIZER_FIELDS.tsv+docs/UI_LANE.md
0xAF5F	Community_SendSystemMailVital	Community_	0	UNTOUCHED	-
0xAF60	Community_GetMailContentVital	Community_	0	SOURCE	src/pirateforce_foundation/runtime.py:398
0xAFF7	Gathering_StartGatheringVital	Gathering_	0	NAME-ONLY	docs/PF_VITAL_NAMES.json+pf_bridge/external/PF_PROTOCOL_REGISTRY.tsv+pf_bridge/external/PF_SERIALIZER_FIELDS.tsv+docs/UI_LANE.md
0xB014	CAchievementsSelectTitleVital	(unprefixed)	0	NAME-ONLY	docs/PF_VITAL_NAMES.json+pf_bridge/external/PF_PROTOCOL_REGISTRY.tsv+pf_bridge/external/PF_SERIALIZER_FIELDS.tsv
0xB96F	Pets_ClaimPetsMegringItemVital	Pets_	0	NAME-ONLY	docs/PF_VITAL_NAMES.json+pf_bridge/external/PF_PROTOCOL_REGISTRY.tsv+pf_bridge/external/PF_SERIALIZER_FIELDS.tsv+docs/UI_LANE.md
0xB9E9	Community_RequestBeFriendVital	Community_	0	SOURCE	src/pirateforce_foundation/runtime.py:395
0xB9F0	ItemMallQueryPersonalDataVital	(unprefixed)	0	NAME-ONLY	docs/PF_VITAL_NAMES.json+pf_bridge/external/PF_PROTOCOL_REGISTRY.tsv+pf_bridge/external/PF_SERIALIZER_FIELDS.tsv
0xBA58	Channel_JoinCustomChannelVital	Channel_	0	NAME-ONLY	docs/PF_VITAL_NAMES.json+pf_bridge/external/PF_PROTOCOL_REGISTRY.tsv+pf_bridge/external/PF_SERIALIZER_FIELDS.tsv+docs/UI_LANE.md
0xBA6D	Community_RemoveBlackListVital	Community_	0	NAME-ONLY	docs/PF_VITAL_NAMES.json+pf_bridge/external/PF_PROTOCOL_REGISTRY.tsv+pf_bridge/external/PF_SERIALIZER_FIELDS.tsv+docs/UI_LANE.md
0xBAE7	GCGSSS_GuildStorageResultVital	GCGSSS_	0	NAME-ONLY	pf_bridge/external/PF_PROTOCOL_REGISTRY.tsv+pf_bridge/external/PF_SERIALIZER_FIELDS.tsv
0xBB41	CAchievementsBoardcastReqVital	(unprefixed)	1	NAME-ONLY	docs/PF_VITAL_NAMES.json+pf_bridge/external/PF_PROTOCOL_REGISTRY.tsv+pf_bridge/external/PF_SERIALIZER_FIELDS.tsv
0xBB73	CAchievementsBoardcastResVital	(unprefixed)	0	NAME-ONLY	docs/PF_VITAL_NAMES.json+pf_bridge/external/PF_PROTOCOL_REGISTRY.tsv+pf_bridge/external/PF_SERIALIZER_FIELDS.tsv
0xBD0D	Express_ClientSendExpressVital	Express_	0	NAME-ONLY	docs/PF_VITAL_NAMES.json+pf_bridge/external/PF_PROTOCOL_REGISTRY.tsv+pf_bridge/external/PF_SERIALIZER_FIELDS.tsv+docs/UI_LANE.md
0xBD8E	Gathering_GatheringResultVital	Gathering_	0	NAME-ONLY	docs/PF_VITAL_NAMES.json+pf_bridge/external/PF_PROTOCOL_REGISTRY.tsv+pf_bridge/external/PF_SERIALIZER_FIELDS.tsv+docs/UI_LANE.md
0xBECD	Express_ResetExpressCountVital	Express_	0	NAME-ONLY	docs/PF_VITAL_NAMES.json+pf_bridge/external/PF_PROTOCOL_REGISTRY.tsv+pf_bridge/external/PF_SERIALIZER_FIELDS.tsv+docs/UI_LANE.md
0xC3D6	KnowledgeGuru_ActorUseCardVital	KnowledgeGuru_	0	NAME-ONLY	docs/PF_VITAL_NAMES.json+pf_bridge/external/PF_PROTOCOL_REGISTRY.tsv+pf_bridge/external/PF_SERIALIZER_FIELDS.tsv
0xC45C	Pets_UpdatePetsMegringDataVital	Pets_	0	NAME-ONLY	docs/PF_VITAL_NAMES.json+pf_bridge/external/PF_PROTOCOL_REGISTRY.tsv+pf_bridge/external/PF_SERIALIZER_FIELDS.tsv+docs/UI_LANE.md
0xC50E	ItemMallUpdatePersonalDataVital	(unprefixed)	0	NAME-ONLY	pf_bridge/external/PF_PROTOCOL_REGISTRY.tsv+pf_bridge/external/PF_SERIALIZER_FIELDS.tsv
0xC546	KnowledgeGuru_UseHalfProbabilityCardResultVital	KnowledgeGuru_	0	NAME-ONLY	docs/PF_VITAL_NAMES.json+pf_bridge/external/PF_PROTOCOL_REGISTRY.tsv+pf_bridge/external/PF_SERIALIZER_FIELDS.tsv
0xC574	Pets_UpdateLearnedPetSkillVital	Pets_	0	NAME-ONLY	docs/PF_VITAL_NAMES.json+pf_bridge/external/PF_PROTOCOL_REGISTRY.tsv+pf_bridge/external/PF_SERIALIZER_FIELDS.tsv+docs/UI_LANE.md
0xC641	Equipment_CastingThrowDiceVital	Equipment_	0	NAME-ONLY	docs/PF_VITAL_NAMES.json+pf_bridge/external/PF_PROTOCOL_REGISTRY.tsv+pf_bridge/external/PF_SERIALIZER_FIELDS.tsv
0xC663	Channel_LeaveCustomChannelVital	Channel_	0	NAME-ONLY	docs/PF_VITAL_NAMES.json+pf_bridge/external/PF_PROTOCOL_REGISTRY.tsv+pf_bridge/external/PF_SERIALIZER_FIELDS.tsv+docs/UI_LANE.md
0xC723	NavigationEx_EnterInstanceVital	NavigationEx_	0	SOURCE	src/pirateforce_foundation/runtime.py:356
0xC84A	UpdateConditionalStoreItemVital	(unprefixed)	0	NAME-ONLY	pf_bridge/external/PF_PROTOCOL_REGISTRY.tsv+pf_bridge/external/PF_SERIALIZER_FIELDS.tsv
0xC8A7	GSCN_DrawComplimentaryItemVital	GSCN_	0	NAME-ONLY	docs/PF_VITAL_NAMES.json+pf_bridge/external/PF_PROTOCOL_REGISTRY.tsv+pf_bridge/external/PF_SERIALIZER_FIELDS.tsv
0xC8D5	Community_OpenPenpalLetterVital	Community_	0	NAME-ONLY	docs/PF_VITAL_NAMES.json+pf_bridge/external/PF_PROTOCOL_REGISTRY.tsv+pf_bridge/external/PF_SERIALIZER_FIELDS.tsv+docs/UI_LANE.md
0xC8EB	Winemaking_StartWinemakingVital	Winemaking_	0	NAME-ONLY	docs/PF_VITAL_NAMES.json+pf_bridge/external/PF_PROTOCOL_REGISTRY.tsv+pf_bridge/external/PF_SERIALIZER_FIELDS.tsv+docs/UI_LANE.md
0xCA78	Activity_ActorJoinActivityVital	Activity_	0	NAME-ONLY	docs/PF_VITAL_NAMES.json+pf_bridge/external/PF_PROTOCOL_REGISTRY.tsv+pf_bridge/external/PF_SERIALIZER_FIELDS.tsv+docs/UI_LANE.md
0xD1F8	Channel_ClassChannelMessageVital	Channel_	0	NAME-ONLY	docs/PF_VITAL_NAMES.json+pf_bridge/external/PF_PROTOCOL_REGISTRY.tsv+pf_bridge/external/PF_SERIALIZER_FIELDS.tsv+docs/UI_LANE.md
0xD213	CollectionBookAppraisePieceVital	(unprefixed)	0	NAME-ONLY	docs/PF_VITAL_NAMES.json+pf_bridge/external/PF_PROTOCOL_REGISTRY.tsv+pf_bridge/external/PF_SERIALIZER_FIELDS.tsv
0xD2CC	GSSS_GuildUpdateQuestMemberVital	GSSS_	0	NAME-ONLY	pf_bridge/external/PF_PROTOCOL_REGISTRY.tsv+pf_bridge/external/PF_SERIALIZER_FIELDS.tsv
0xD339	BuildingCrystal_DoAbsorbingVital	BuildingCrystal_	0	NAME-ONLY	docs/PF_VITAL_NAMES.json+pf_bridge/external/PF_PROTOCOL_REGISTRY.tsv+pf_bridge/external/PF_SERIALIZER_FIELDS.tsv
0xD4D1	Winemaking_FinishWinemakingVital	Winemaking_	0	NAME-ONLY	docs/PF_VITAL_NAMES.json+pf_bridge/external/PF_PROTOCOL_REGISTRY.tsv+pf_bridge/external/PF_SERIALIZER_FIELDS.tsv+docs/UI_LANE.md
0xD530	Equipment_EnhanceItemResultVital	Equipment_	0	NAME-ONLY	docs/PF_VITAL_NAMES.json+pf_bridge/external/PF_PROTOCOL_REGISTRY.tsv+pf_bridge/external/PF_SERIALIZER_FIELDS.tsv
0xD5A8	Express_ClientcClaimExpressVital	Express_	0	NAME-ONLY	docs/PF_VITAL_NAMES.json+pf_bridge/external/PF_PROTOCOL_REGISTRY.tsv+pf_bridge/external/PF_SERIALIZER_FIELDS.tsv+docs/UI_LANE.md
0xD607	CollectionBookAppraisalStopVital	(unprefixed)	0	NAME-ONLY	docs/PF_VITAL_NAMES.json+pf_bridge/external/PF_PROTOCOL_REGISTRY.tsv+pf_bridge/external/PF_SERIALIZER_FIELDS.tsv
0xD6CA	Activity_ActorLeaveActivityVital	Activity_	0	NAME-ONLY	docs/PF_VITAL_NAMES.json+pf_bridge/external/PF_PROTOCOL_REGISTRY.tsv+pf_bridge/external/PF_SERIALIZER_FIELDS.tsv+docs/UI_LANE.md
0xD6CC	Community_ReplyPenpalLetterVital	Community_	0	NAME-ONLY	docs/PF_VITAL_NAMES.json+pf_bridge/external/PF_PROTOCOL_REGISTRY.tsv+pf_bridge/external/PF_SERIALIZER_FIELDS.tsv
0xD6F1	Express_GSSendSystemExpressVital	Express_	0	NAME-ONLY	docs/UI_LANE.md
0xD72C	Community_ThrowPenpalLetterVital	Community_	0	NAME-ONLY	docs/PF_VITAL_NAMES.json+pf_bridge/external/PF_PROTOCOL_REGISTRY.tsv+pf_bridge/external/PF_SERIALIZER_FIELDS.tsv+docs/UI_LANE.md
0xD82D	Express_ClientRemoveExpressVital	Express_	0	NAME-ONLY	docs/PF_VITAL_NAMES.json+pf_bridge/external/PF_PROTOCOL_REGISTRY.tsv+pf_bridge/external/PF_SERIALIZER_FIELDS.tsv+docs/UI_LANE.md
0xDC99	Equipment_AddEnhanceMaxLevelVital	Equipment_	0	NAME-ONLY	docs/PF_VITAL_NAMES.json+pf_bridge/external/PF_PROTOCOL_REGISTRY.tsv+pf_bridge/external/PF_SERIALIZER_FIELDS.tsv
0xDCCD	Community_ChangeActorPenNameVital	Community_	0	NAME-ONLY	docs/PF_VITAL_NAMES.json+pf_bridge/external/PF_PROTOCOL_REGISTRY.tsv+pf_bridge/external/PF_SERIALIZER_FIELDS.tsv+docs/UI_LANE.md
0xE064	Channel_CustomChannelMessageVital	Channel_	0	NAME-ONLY	docs/PF_VITAL_NAMES.json+pf_bridge/external/PF_PROTOCOL_REGISTRY.tsv+pf_bridge/external/PF_SERIALIZER_FIELDS.tsv+docs/UI_LANE.md
0xE0AC	SetItemOnParticularHotKeyPosVital	(unprefixed)	0	NAME-ONLY	docs/PF_VITAL_NAMES.json+pf_bridge/external/PF_PROTOCOL_REGISTRY.tsv+pf_bridge/external/PF_SERIALIZER_FIELDS.tsv
0xE13D	Community_UpdateActorVowLockVital	Community_	0	NAME-ONLY	docs/PF_VITAL_NAMES.json+pf_bridge/external/PF_PROTOCOL_REGISTRY.tsv+pf_bridge/external/PF_SERIALIZER_FIELDS.tsv
0xE16E	Winemaking_UpdateWindPotSlotVital	Winemaking_	0	NAME-ONLY	docs/PF_VITAL_NAMES.json+pf_bridge/external/PF_PROTOCOL_REGISTRY.tsv+pf_bridge/external/PF_SERIALIZER_FIELDS.tsv+docs/UI_LANE.md
0xE1AB	Community_ChangeActorCommentVital	Community_	0	NAME-ONLY	docs/PF_VITAL_NAMES.json+pf_bridge/external/PF_PROTOCOL_REGISTRY.tsv+pf_bridge/external/PF_SERIALIZER_FIELDS.tsv+docs/UI_LANE.md
0xE21C	Equipment_RetriveCastingItemVital	Equipment_	0	NAME-ONLY	docs/PF_VITAL_NAMES.json+pf_bridge/external/PF_PROTOCOL_REGISTRY.tsv+pf_bridge/external/PF_SERIALIZER_FIELDS.tsv
0xE28A	Pets_UpdateSummonPetsTimeOutVital	Pets_	0	NAME-ONLY	docs/PF_VITAL_NAMES.json+pf_bridge/external/PF_PROTOCOL_REGISTRY.tsv+pf_bridge/external/PF_SERIALIZER_FIELDS.tsv+docs/UI_LANE.md
0xE343	Equipment_EnhancemenTransferVital	Equipment_	0	NAME-ONLY	docs/PF_VITAL_NAMES.json+pf_bridge/external/PF_PROTOCOL_REGISTRY.tsv+pf_bridge/external/PF_SERIALIZER_FIELDS.tsv
0xE40B	TreasureHunt_StartExcavatingVital	TreasureHunt_	0	NAME-ONLY	docs/PF_VITAL_NAMES.json+pf_bridge/external/PF_PROTOCOL_REGISTRY.tsv+pf_bridge/external/PF_SERIALIZER_FIELDS.tsv+docs/UI_LANE.md
0xE5C9	Activity_UpdateActivityPointVital	Activity_	0	NAME-ONLY	docs/PF_VITAL_NAMES.json+pf_bridge/external/PF_PROTOCOL_REGISTRY.tsv+pf_bridge/external/PF_SERIALIZER_FIELDS.tsv+docs/UI_LANE.md
0xEBF8	Community_OpenLetterInABottleVital	Community_	0	NAME-ONLY	docs/PF_VITAL_NAMES.json+pf_bridge/external/PF_PROTOCOL_REGISTRY.tsv+pf_bridge/external/PF_SERIALIZER_FIELDS.tsv+docs/UI_LANE.md
0xEDFA	Channel_ActorBoardcastMessageVital	Channel_	0	SOURCE	src/pirateforce_foundation/channel_message_hypothesis.py:172
0xEE8D	Activity_ActivityStateChangedVital	Activity_	0	NAME-ONLY	docs/PF_VITAL_NAMES.json+pf_bridge/external/PF_PROTOCOL_REGISTRY.tsv+pf_bridge/external/PF_SERIALIZER_FIELDS.tsv+docs/UI_LANE.md
0xEECE	Community_GetActorVowLockListVital	Community_	0	NAME-ONLY	docs/PF_VITAL_NAMES.json+pf_bridge/external/PF_PROTOCOL_REGISTRY.tsv+pf_bridge/external/PF_SERIALIZER_FIELDS.tsv
0xF1D4	KnowledgeGuru_ActorAnswerQuizVital	KnowledgeGuru_	0	NAME-ONLY	docs/PF_VITAL_NAMES.json+pf_bridge/external/PF_PROTOCOL_REGISTRY.tsv+pf_bridge/external/PF_SERIALIZER_FIELDS.tsv
0xF247	Equipment_RefreshLuckyEnhancementProbabilityVital	Equipment_	0	NAME-ONLY	docs/PF_VITAL_NAMES.json+pf_bridge/external/PF_PROTOCOL_REGISTRY.tsv+pf_bridge/external/PF_SERIALIZER_FIELDS.tsv
0xF33F	TreasureHunt_ExcavatingResultVital	TreasureHunt_	0	NAME-ONLY	docs/PF_VITAL_NAMES.json+pf_bridge/external/PF_PROTOCOL_REGISTRY.tsv+pf_bridge/external/PF_SERIALIZER_FIELDS.tsv+docs/UI_LANE.md
0xF375	Express_InitalizeActorExpressVital	Express_	0	NAME-ONLY	docs/PF_VITAL_NAMES.json+pf_bridge/external/PF_PROTOCOL_REGISTRY.tsv+pf_bridge/external/PF_SERIALIZER_FIELDS.tsv+docs/UI_LANE.md
0xF851	CollectionObj_GetCollectEffectVital	CollectionObj_	0	NAME-ONLY	docs/PF_VITAL_NAMES.json+pf_bridge/external/PF_PROTOCOL_REGISTRY.tsv+pf_bridge/external/PF_SERIALIZER_FIELDS.tsv+docs/UI_LANE.md
0xFA07	Channel_JoinOriginalSinChannelVital	Channel_	0	NAME-ONLY	docs/PF_VITAL_NAMES.json+pf_bridge/external/PF_PROTOCOL_REGISTRY.tsv+pf_bridge/external/PF_SERIALIZER_FIELDS.tsv+docs/UI_LANE.md
0xFAF1	Community_ReplyLetterInABottleVital	Community_	0	NAME-ONLY	docs/PF_VITAL_NAMES.json+pf_bridge/external/PF_PROTOCOL_REGISTRY.tsv+pf_bridge/external/PF_SERIALIZER_FIELDS.tsv+docs/UI_LANE.md
0xFB51	Community_ThrowLetterInABottleVital	Community_	0	NAME-ONLY	docs/PF_VITAL_NAMES.json+pf_bridge/external/PF_PROTOCOL_REGISTRY.tsv+pf_bridge/external/PF_SERIALIZER_FIELDS.tsv+docs/UI_LANE.md
0xFD10	Community_RequestSoulMateMatchVital	Community_	0	NAME-ONLY	docs/PF_VITAL_NAMES.json+pf_bridge/external/PF_PROTOCOL_REGISTRY.tsv+pf_bridge/external/PF_SERIALIZER_FIELDS.tsv
0xFD4B	Community_UseBlankPenpalLetterVital	Community_	0	NAME-ONLY	docs/PF_VITAL_NAMES.json+pf_bridge/external/PF_PROTOCOL_REGISTRY.tsv+pf_bridge/external/PF_SERIALIZER_FIELDS.tsv+docs/UI_LANE.md
