n_ID	n_EXP_CURRENTLV	n_POINT_ABILITY	n_DEADLOSS	n_PVP_EXP	n_PVP_SP	n_PVP_MONEY	n_DEFENCE_CONSTANT
1	0	0	0	0	0	0	30
2	79	1	0	0	0	0	36
3	158	1	0	0	0	0	39
4	238	1	0	0	0	0	42
5	317	1	0	0	0	0	45
6	396	1	0	0	0	0	49
7	476	1	0	0	0	0	53
8	555	1	0	0	0	0	57
9	634	1	0	0	0	0	62
10	714	1	0	0	0	0	67
11	793	2	0	0	0	0	73
12	1638	2	0	0	0	0	79
13	3276	2	0	0	0	0	86
14	4914	2	0	0	0	0	93
15	6553	2	0	0	0	0	101
16	8191	2	0	0	0	0	110
17	9829	2	0	0	0	0	119
18	11468	2	0	0	0	0	129
19	13106	2	0	0	0	0	140
20	14744	2	0	0	0	0	151
21	16383	3	0	0	0	0	163
22	18021	3	0	0	0	0	176
23	19659	3	0	0	0	0	190
24	21298	3	0	0	0	0	205
25	22936	3	0	0	0	0	221
26	24574	3	0	0	0	0	238
27	57180	3	0	0	0	0	257
28	63533	3	0	0	0	0	277
29	69887	3	0	0	0	0	299
30	76240	3	0	0	0	0	322
31	82594	4	0	0	0	0	344
32	88947	4	0	0	0	0	368
33	95300	4	0	0	0	0	393
34	101654	4	0	0	0	0	420
35	108007	4	0	0	0	0	449
36	114360	4	0	804	402	0	480
37	120714	4	0	840	420	0	513
38	127067	4	0	876	438	0	548
39	133421	4	0	912	456	0	586
40	141503	4	0	948	474	0	627
41	142106	5	0	984	492	0	664
42	143192	5	0	1026	513	0	703
43	144278	5	0	1068	534	0	745
44	145364	5	0	1110	555	0	789
45	146450	5	0	1152	576	0	836
46	147536	5	0	1194	597	0	886
47	148622	5	0	1242	621	0	939
48	149711	5	0	1290	645	0	995
49	156153	5	0	1338	669	0	1054
50	165164	5	0	1386	693	0	1117
51	189734	6	10310	1434	717	0	1184
52	199838	6	10780	1488	744	0	1255
53	210179	6	11256	1542	771	0	1330
54	220761	6	11738	1596	798	0	1409
55	231586	6	12227	1650	825	0	1493
56	242656	6	12723	1704	852	0	1582
57	254840	6	13269	1764	882	0	1676
58	275343	6	14317	1824	912	0	1776
59	288882	6	14903	1884	942	0	1882
60	326576	6	16718	1944	972	0	1994
61	349648	7	17762	2004	1002	0	2093
62	377028	7	19008	2082	1041	0	2197
63	405728	7	20302	2160	1080	0	2306
64	436948	7	21703	2244	1122	0	2421
65	469639	7	23156	2328	1164	0	2542
66	505090	7	24725	2418	1209	0	2669
67	543469	7	26414	2514	1257	0	2802
68	583609	7	28165	2610	1305	0	2942
69	626938	7	30046	2712	1356	0	3089
70	678964	7	32316	2820	1410	0	3243
71	733626	8	35214	2928	1464	0	3405
72	785414	8	38356	3042	1521	0	3574
73	840713	8	41760	3162	1581	0	3751
74	899681	8	45442	3288	1644	0	3937
75	960791	8	49332	3414	1707	0	4132
76	1021541	8	53305	3546	1773	0	4336
77	1085818	8	57568	3684	1842	0	4550
78	1153740	8	62134	3828	1914	0	4774
79	1225427	8	67019	3978	1989	0	5008
80	1282673	8	71223	4134	2067	0	5253
81	1408514	9	78364	4290	2145	0	5510
82	1542066	9	85963	4452	2226	0	5779
83	1683652	9	94039	4620	2310	0	6062
84	1833599	9	102614	4794	2397	0	6359
85	1992231	9	111709	4974	2487	0	6670
86	2084033	9	117084	5160	2580	0	6996
87	2179525	9	122687	5352	2676	0	7338
88	2278769	9	128522	5550	2775	0	7697
89	2384308	9	134735	5760	2880	0	8074
90	2898977	9	164134	5976	2988	0	8469
91	3067569	10	174135	6198	3099	0	8875
92	3327588	10	189377	6432	3216	0	9301
93	3639982	10	207670	6672	3336	0	9747
94	3978720	10	227545	6924	3462	0	10214
95	4341949	10	248905	7182	3591	0	10704
96	4734778	10	272049	7452	3726	0	11196
97	5159120	10	297096	7734	3867	0	11711
98	5487404	10	316692	8022	4011	0	12249
99	5890664	10	340692	8322	4161	0	12812
100	6354235	10	368270	8616	4308	0	13401
101	6583725	11	381614	8922	4461	0	13990
102	6813216	11	394958	9240	4620	0	14605
103	7285683	11	423267	9570	4785	0	15247
104	7911539	11	460605	9912	4956	0	15917
105	8584223	11	500809	10266	5133	0	16617
106	9306471	12	544053	10632	5316	0	17314
107	10081131	12	590515	11010	5505	0	18041
108	10916895	12	640719	11406	5703	0	18798
109	11811595	12	694555	11814	5907	0	19587
110	15749987	12	926099	12234	6117	0	20409
111	17692459	13	1042420	12648	6324	0	21225
112	19800702	13	1168948	13074	6537	0	22074
113	22094982	13	1306927	13518	6759	0	22956
114	24577866	13	1456561	13974	6987	0	23874
115	33862905	13	2010573	14448	7224	0	24828
116	44119590	14	2624354	14934	7467	0	25821
117	55434992	14	3303356	15438	7719	0	26853
118	67889237	14	4052642	15960	7980	0	27927
119	81566134	14	4877517	16500	8250	0	29044
120	91699378	14	5492792	17058	8529	0	30205
121	104744829	15	6284689	17634	8817	0	31407
122	108010728	15	6491267	18228	9114	0	32650
123	111315973	15	6700678	18840	9420	0	33936
124	114660568	15	6912922	19470	9735	0	35266
125	118044511	15	7127999	20118	10059	0	36641
126	121467801	16	7345909	20784	10392	0	38062
127	124930441	16	7566653	21468	10734	0	39531
128	128432428	16	7790229	22170	11085	0	41048
129	131973762	16	8016638	22890	11445	0	42616
130	135554446	16	8245881	23628	11814	0	44235
131	138112078	17	8414212	24384	12192	0	45907
132	140669708	17	8583016	25164	12582	0	47633
133	143227340	17	8752292	25968	12984	0	49414
134	145784971	17	8922040	26796	13398	0	51252
135	148342603	17	9092260	27648	13824	0	53148
136	150900233	18	9262952	28524	14262	0	55103
137	153457864	18	9434117	29424	14712	0	57119
138	156015496	18	9605754	30348	15174	0	59198
139	158573126	18	9777862	31296	15648	0	61340
140	161130758	18	9950444	32268	16134	0	63548
141	163688389	19	10123497	33270	16635	0	65823
142	166246019	19	10297022	34302	17151	0	68166
143	168803651	19	10471020	35364	17682	0	70579
144	171361282	19	10645490	36456	18228	0	73063
145	173918912	19	10820432	37578	18789	0	75620
146	176476544	20	10995846	38730	19365	0	78251
147	179034176	20	11171732	39912	19956	0	80958
148	181591807	20	11348091	41130	20565	0	83742
149	184149437	20	11524921	42384	21192	0	86605
150	186707069	20	11702224	43674	21837	0	89549
151	189264700	21	11879999	45000	22500	0	92575
152	191822330	21	12058246	46362	23181	0	95685
153	194379962	21	12236966	47760	23880	0	98880
154	196937594	21	12416157	49200	24600	0	102162
155	199495223	21	12595821	50682	25341	0	105533
156	202052855	22	12775957	52206	26103	0	108994
157	204610487	22	12956565	53772	26886	0	112547
158	207168117	22	13137645	55380	27690	0	116193
159	209725748	22	13319198	57036	28518	0	119934
160	212283380	22	13501222	58740	29370	0	123771
161	214841012	23	13683719	60492	30246	0	127706
162	217398641	23	13866688	62292	31146	0	131741
163	219956273	23	14050129	64140	32070	0	135877
164	222513905	23	14234043	66042	33021	0	140116
165	225071535	23	14418428	67998	33999	0	144459
166	227629166	24	14603286	70008	35004	0	148908
167	230186798	24	14788616	72072	36036	0	153464
168	232744428	24	14974418	74196	37098	0	158129
169	235302059	24	15160692	76380	38190	0	162904
170	237859691	24	15347439	78624	39312	0	167791
171	240417321	25	15534657	80928	40464	0	172807
172	242974953	25	15699920	83298	41649	0	177956
173	245532584	25	15865182	85734	42867	0	183241
174	248090217	25	16030444	88236	44118	0	188664
175	250647846	25	16195706	90810	45405	0	194229
176	253205477	26	16360969	93456	46728	0	199939
177	255763110	26	16526231	96174	48087	0	205797
178	258320739	26	16691493	98970	49485	0	211806
179	260878371	26	16856756	101844	50922	0	217969
180	263436003	26	17022018	104796	52398	0	224290
181	265993632	27	17187280	107832	53916	0	230771
182	268551264	27	17352543	110952	55476	0	237417
183	271108896	27	17517805	114162	57081	0	244230
184	273666525	27	17683067	117462	58731	0	251214
185	276224157	27	17848330	120852	60426	0	258373
186	278781789	28	18013592	124338	62169	0	265710
187	281339418	28	18178854	127920	63960	0	273229
188	283897050	28	18344117	131604	65802	0	280934
189	286454682	28	18509379	135390	67695	0	288828
190	289012314	28	18674641	139284	69642	0	296915
191	291569943	29	18839904	143286	71643	0	305198
192	294127575	29	19005166	147402	73701	0	313682
193	296685207	29	19170428	151632	75816	0	322370
194	299242836	29	19335690	155982	77991	0	331267
195	301800469	29	19500953	160452	80226	0	340376
196	304358100	30	19666215	165048	82524	0	349702
197	306915729	30	19831477	169770	84885	0	359248
198	309473362	30	19996740	174624	87312	0	369019
199	312030993	30	20162002	179616	89808	0	379019
200	314588623	30	20327264	184746	92373	0	389252
201	317146255	31	20492527	190020	95010	0	399722
202	319703887	31	20657789	195444	97722	0	410434
203	322261518	31	20823051	201018	100509	0	421392
204	324819148	31	20988314	206748	103374	0	432601
205	327376780	31	21153576	212640	106320	0	444064
206	329934411	32	21318838	218694	109347	0	455787
207	332492041	32	21484101	224916	112458	0	467774
208	335049673	32	21649363	231312	115656	0	480029
209	337607305	32	21814625	237888	118944	0	492557
210	340164934	32	21979888	244650	122325	0	505363
211	342722566	33	22145150	251604	125802	0	518451
212	345280198	33	22310412	258750	129375	0	531827
213	347837828	33	22475675	266094	133047	0	545494
214	350395459	33	22640937	273642	136821	0	559458
215	352953091	33	22806199	281400	140700	0	573724
216	355510723	34	22971462	289374	144687	0	588296
217	358068352	34	23136724	297570	148785	0	603179
218	360625984	34	23301986	305994	152997	0	618379
219	363183616	34	23467249	314652	157326	0	633900
220	365741246	34	23632511	323550	161775	0	649747
221	368298877	35	23797773	332694	166347	0	665925
222	370856509	35	23963035	342096	171048	0	682439
223	373414139	35	24128298	351762	175881	0	699295
224	375971770	35	24293560	361698	180849	0	716497
225	378529402	35	24458822	371910	185955	0	734051
226	381087032	36	24624085	382410	191205	0	751961
227	383644664	36	24789347	393204	196602	0	770233
228	386202295	36	24954609	404298	202149	0	788872
229	388759927	36	25119872	415704	207852	0	807883
230	391317557	36	25285134	427428	213714	0	827272
231	393875188	37	25450396	439482	219741	0	847043
232	396432820	37	25615659	451872	225936	0	867202
233	398990450	37	25780921	464610	232305	0	887754
234	401548082	37	25946183	477702	238851	0	908704
235	404105713	37	26111446	491160	245580	0	930058
236	406663343	38	26276708	504996	252498	0	951821
237	409220975	38	26441970	519216	259608	0	973998
238	411778606	38	26607233	533832	266916	0	996594
239	414336236	38	26772495	548856	274428	0	1019615
240	416893868	38	26937757	564300	282150	0	1043066
241	419451500	39	27103020	580176	290088	0	1066952
242	422009129	39	27268282	596496	298248	0	1091278
243	424566761	39	27433544	613272	306636	0	1116050
244	427124393	39	27598806	630516	315258	0	1141272
245	429682024	39	27764069	648240	324120	0	1166950
246	432239654	40	27929331	666462	333231	0	1193089
247	434797286	40	28094593	685194	342597	0	1219694
248	437354918	40	28259856	704448	352224	0	1246771
249	439912547	40	28425118	724242	362121	0	1274324
250	442470179	40	28590380	744588	372294	0	1302359
251	445027811	41	28755643	765504	382752	0	1330880
252	447585440	41	28920905	787002	393501	0	1359893
253	450143072	41	29086167	809100	404550	0	1389402
254	452700704	41	29251430	831816	415908	0	1419413
255	455258334	41	29416692	855168	427584	0	1449930
