n_ID	s_NAME	n_QUATITY_STACK
1	Adventure Key	25
2	Poseidon Gold	999
3	EXP ansion Crystal Lattice	1
4	EXP ansion Crystal Lattice	1
5	Massage Horn	25
7	Earth Element	999
8	Water Element	999
9	Fire Element	999
10	Wind Element	999
18	Test Slime	1
19	Test Slime X	1
20	Test Slime A	1
21	Test Slime B	1
22	Kindly Pumpkin	25
23	Color Feather	25
24	Soft Snowflake	25
25	Element Pack (Earth) LV.1	25
26	Element Pack (Earth) LV.2	25
27	Element Pack (Earth) LV.3	25
28	Element Pack (Earth) LV.4	25
29	Element Pack (Earth) LV.5	25
41	Red Gem	25
42	Blue Gem	25
43	Green Gem	25
44	Reward Red Gem	25
45	Reward Blue Gem	25
46	Reward Green Gem	25
47	Advanced Gem Pack	25
48	Special Gem Pack	25
49	Reward Gem Pack	25
51	Ship Colourant No.1	25
52	Ship Colourant No.2	25
53	Ship Colourant No.3	25
54	Ship Colourant No.4	25
55	Ship Colourant No.5	25
57	Color Paint No.1	25
58	Color Paint No.2	25
59	Color Paint No.3	25
60	Color Paint No.4	25
61	Black Color Paint	25
62	Color Paint No.4	25
81	Incredible Key	1
91	Damage Piece	1
92	Broken Piece	1
93	Illegible Piece	1
94	Smudge Piece	1
95	World Essence	99
96	Ship Soul White Jade	25
97	Ship Soul Green Jade	25
98	Ship Soul Blue Jade	25
99	Pivot Station	25
101	Small Fruit	999
102	Wild Fruit	999
103	Empty Fruit	999
151	Red Herb	999
152	Green Herb	999
191	Forest Spring	999
192	Mountain Spring	999
193	Special Sugar	999
194	Purify Sugar	999
195	Turmeric Sugar	999
196	Fruit Sugar	999
251	Refreshing Crystal	999
252	Snow Short Wing	999
254	Energy Fire	999
255	Flame Horn	999
256	Guard Cover	999
281	Al Timo Core	15
282	Beirut Gauntlets	20
283	Cruise Sword	25
284	Medea Wristband	30
285	Armoured Car Piece	35
286	Dante Helmet	40
287	Nora Jana Gear	45
291	Guild Energy Lv.3	1
292	Guild Energy Lv.4	1
293	Guild Energy Lv.5	1
294	Guild Energy Lv.6	1
295	Guild Energy Lv.7	1
296	Guild Energy Lv.8	1
297	Guild Energy Lv.9	1
301	Red Flower	25
302	None Herb	25
303	Yellow Flower	25
304	Drop Herb	25
305	Pesto Flower	25
321	Ingenuity White Chain	25
322	Ingenuity Green Chain	25
323	Ingenuity Blue Chain	25
324	Ingenuity Purple Chain	25
341	Nautical Locator	25
342	Reborn Locator	25
343	Guild Island  Locator	25
344	Accurate Nautical Locator	1
351	Extra Gold Brick	1
352	Broken Unknown Relic	1
353	Damage Unknown Relic	1
354	Seal Unknown Relic	1
355	Broken Drop Relic	1
356	Damage Drop Relic	1
357	Seal Drop Relic	1
358	Broken Undersea Relic	1
359	Damage Undersea Relic	1
360	Seal Undersea Relic	1
361	Broken Sky Relic	1
362	Damage Sky Relic	1
363	Seal Sky Relic	1
364	Mystery Ice Fish Fossil	25
365	Meteor Brass Ring	25
366	Quench Dusk Essence	25
367	Dusk Crystal Stone	25
368	Quench Dawn Essence	25
369	Dawn Crystal Stone	25
370	Quench Rising Sun Essence	25
371	Rising Sun Crystal Stone	25
372	Quench Hot Sun Essence	25
373	Hot Sun Crystal Stone	25
374	Doctor Patience	1
375	Doctor Attentive	1
376	Doctor Intimate	1
377	Doctor Caring	1
378	Doctor Salvation	1
379	Muti Kill Warranty	999
380	Dark Island Map-1	1
381	Dark Island Map-2	1
382	Dark Island Map-3	1
383	Dark Island Map-4	1
384	Empty Cask	1
385	Rusty Key	1
386	Map Piece Trail	1
387	Arena  Honor Seal	999
388	Quench Ocean Essence	25
389	Ocean Crystal Stone	25
390	Quench Furious Essence	25
391	Furious Crystal Stone	25
392	Sea Battle Medal	999
401	Port Royal  Treasure License	1
402	Prison Exile Island  Treasure License	1
403	Spice Paradise Island  Treasure License	1
404	Slave Market Island  Treasure License	1
405	Evil Port  Treasure License	1
406	Ocean Walled City  Treasure License	1
407	Voodoo Island Treasure License	1
408	Silver Harbour Treasure License	1
409	Death City Sea Treasure License	1
410	Deep Sea Temple Treasure License	1
411	Drake empty Walled Treasure License	1
412	Hell Volcanic Island Treasure License	1
413	Lost Eden Treasure License	1
414	Sunset Deserted Treasure License	1
501	Surface Exchange Doll- Headdress	25
502	Surface Exchange Doll- Armor	25
503	Surface Exchange Doll- Legging	25
504	Mystic Headdress Capsule	25
505	Mystic Armor Capsule	25
506	Mystic Legging Capsule	25
507	Dark Arcane Doll	25
508	Arcane Capsule	25
509	Mystery Treasure Doll	25
510	Mystic Capsule	25
511	Guild Glory Doll	25
512	Glory Capsule	25
513	Beginner Class Capsule	25
514	EXP ert Class Capsule	25
515	Croseyes Residual Page	99
516	Juoda Residual Page	99
517	Red Flame Demon Wolf Residual Page	99
518	White Jade Mold(5%)	25
519	White Jade Mold(10%)	25
520	White Jade Mold(20%)	25
521	White Jade Mold(40%)	25
522	White Jade Mold(80%)	25
523	White Jade Mold(100%)	25
524	Green Jade Mold(5%)	25
525	Green Jade Mold(10%)	25
526	Green Jade Mold(20%)	25
527	Green Jade Mold(40%)	25
528	Green Jade Mold(80%)	25
529	Green Jade Mold(100%)	25
530	Blue Jade Mold(5%)	25
531	Blue Jade Mold(10%)	25
532	Blue Jade Mold(20%)	25
533	Blue Jade Mold(40%)	25
534	Blue Jade Mold(80%)	25
535	Blue Jade Mold(100%)	25
536	Set Reward	1
537	[Wilderness Passing] Set	1
538	[Instructor] Set	1
539	[War Machine] Set	1
540	[God Fire] Set	1
541	[Abyss Armor] Set	1
542	Broken Fragment-Sea Phantom	1
543	Broken Fragment-Nelson	1
544	Broken Fragment-Odyssey	1
545	Broken Fragment-Plato	1
546	Broken Fragment-Jason	1
547	Broken Fragment-Medea	1
548	Broken Fragment-Drake	1
549	Broken Fragment-Rosemary	1
550	Broken Fragment-Angelina	1
551	Broken Fragment-Bismarck	1
552	Broken Fragment-Columbus	1
553	Broken Fragment-Magellan	1
554	Broken Fragment-Hammer of Judgment	1
555	Broken Fragment-Poseidon servant	1
556	Broken Fragment-Ancyn Grip	1
557	Broken Fragment-Lydiana Melody	1
558	Broken Fragment-Treasure Hunter Bag	1
559	Broken Fragment-Night  Evilteeth	1
560	Broken Fragment-Assault Boat Key	1
561	Broken Fragment-Judge Certificate	1
562	Broken Wastepaper	1
563	Yellow Paper	1
601	Falling Sun Complete Warranty	1
603	Poseidon Hall Complete Warranty	1
604	Kraken Lair Complete Warranty	1
605	Doom Church Complete Warranty	1
606	Hell Trial Complete Warranty	1
607	Skyfire Tower Complete Warranty	1
608	Rough Sea Fortress Complete Warranty	1
701	Wrought iron Relic	25
702	Cast iron Relic	25
703	Smelt iron Relic	25
704	refine Iron Relic	25
751	Nutrition Soda	25
752	Nutrition Biscuit	25
753	Nutrition Bunopang	25
754	Nutrition Dango	25
801	Blue Sea Fragment LV.40	999
802	Blue Sea Fragment LV.50	999
803	Blue Sea Fragment LV.60	999
804	Blue Sea Fragment LV.70	999
805	Blue Sea Fragment LV.80	999
806	Blue Sea Fragment LV.90	999
807	Blue Sea Fragment LV.100	999
808	Blue Sea Fragment LV.110	999
809	Blue Sea Fragment LV.115	999
901	Blue Sea Fragment Pack LV.40	999
903	Blue Sea Fragment Pack LV.60	999
904	Blue Sea Fragment Pack LV.70	999
905	Blue Sea Fragment Pack LV.80	999
906	Blue Sea Fragment Pack LV.90	999
907	Blue Sea Fragment Pack LV.100	999
908	Blue Sea Fragment Pack LV.110	999
909	Blue Sea Fragment Pack LV.115	999
1001	Hammer of Judgment	1
1002	Poseidon servant	1
1003	Ancyn Grip	1
1004	Lydiana Melody	1
1005	Treasure Hunter Bag	1
1006	Night  Evilteeth	1
1007	Caille Assault Boat Key	1
1008	Judge Certificate	1
1009	Hammer of Judgment: Dusk	1
1010	Hammer of Judgment: Dawn	1
1011	Hammer of Judgment: Rising Sun	1
1012	Hammer of Judgment: Hot Sun	1
1013	Poseidon Instrument	1
1014	Poseidon servant: Ocean	1
1015	Poseidon servant: Rough	1
1101	Mithril Burner	1
1102	White Beard Pipe	1
1103	Pearlshell Conch	1
1104	Destiny Triangle	1
1105	Remains Skull	1
1106	Exorcise Bell	1
1107	Imprisonment Of Light	1
1108	Exorcise Whip	1
1109	Luminous Fruit	1
1110	Holy Cross Syringe	1
1111	Night Candelabrum	1
1112	Muse Umbrella	1
1113	Double Dragon Guard	1
1114	Destroy Atom	1
1115	Cold Ice Crystal	1
1116	Seven Sea Pearl	1
1117	Paine Bottle	1
1118	Thorough Eye	1
1119	Chic Cap	1
1132	Tree Of Life	1
1133	Fire Fort Barbette	1
1134	Spring Bed	1
1135	Soul Controller	1
1136	Camouflage Item-Bench	1
1137	Camouflage Item-Bullet board	1
1138	Camouflage Item-Bread Booth	1
1139	Camouflage Item-Tree	1
1140	Camouflage Item-Wooden Bench	1
1141	Camouflage Item-Streetlights	1
1142	Rumpled Paper	1
1143	Dirty Paper	1
1144	Stinking Paper	1
1201	Earth Element LV.1	999
1202	Earth Element LV.2	999
1203	Earth Element LV.3	999
1204	Earth Element LV.4	999
1205	Earth Element LV.5	999
1206	Earth Element LV.6	999
1207	Earth Element LV.7	999
1208	Earth Element LV.8	999
1209	Earth Element LV.9	999
1210	Earth Element LV.10	999
1226	Water Element LV.1	999
1227	Water Element LV.2	999
1228	Water Element LV.3	999
1229	Water Element LV.4	999
1230	Water Element LV.5	999
1231	Water Element LV.6	999
1232	Water Element LV.7	999
1233	Water Element LV.8	999
1234	Water Element LV.9	999
1235	Water Element LV.10	999
1251	Fire Element LV.1	999
1252	Fire Element LV.2	999
1253	Fire Element LV.3	999
1254	Fire Element LV.4	999
1255	Fire Element LV.5	999
1256	Fire Element LV.6	999
1257	Fire Element LV.7	999
1258	Fire Element LV.8	999
1259	Fire Element LV.9	999
1260	Fire Element LV.10	999
1276	Wind Element LV.1	999
1277	Wind Element LV.2	999
1278	Wind Element LV.3	999
1279	Wind Element LV.4	999
1280	Wind Element LV.5	999
1281	Wind Element LV.6	999
1282	Wind Element LV.7	999
1283	Wind Element LV.8	999
1284	Wind Element LV.9	999
1285	Wind Element LV.10	999
1301	Al Timo Energy Stone	999
1302	Jellyfish Mucus	999
1303	Mutation Jellyfish Crystal	999
1304	Duke Gun Barrel	999
1305	Beirut Shield	999
1306	Tank Gunpowder	999
1309	Media Crystal	999
1331	Old Fishing Net	999
1332	Ceramic Clod	999
1333	Black Iron Clod	999
1334	Black Powder	999
1335	Red Flame Iron	999
1336	Heat Ceramic Clod	999
1337	Empire of Mu Energy Vessel	999
2001	Port Royal Key (Blue)	1
2002	Port Royal Key (Red)	1
2003	Port Royal Key (Purple)	1
2004	Port Royal Key (Green)	1
2005	Port Royal Key (Yellow)	1
2006	Prison Key (Purple)	1
2007	Prison Key (Blue)	1
2008	Prison Key (Red)	1
2009	Prison Key (Yellow)	1
2010	Prison Key (Green)	1
2011	Paradise Island Key (Yellow)	1
2012	Paradise Island Key (Purple)	1
2013	Paradise Island Key (Red)	1
2014	Paradise Island Key (Green)	1
2015	Paradise Island Key (Blue)	1
2016	Slave Key (Yellow)	1
2017	Slave Key (Red)	1
2018	Slave Key (Purple)	1
2019	Slave Key (Blue)	1
2020	Slave Key (Green)	1
2021	Evil Port Key (Purple)	1
2022	Evil Port Key (Yellow)	1
2023	Evil Port Key (Red)	1
2024	Evil Port Key (Blue)	1
2025	Evil Port Key (Green)	1
2026	Ocean Key (Red)	1
2027	Ocean Key (Yellow)	1
2028	Ocean Key (Green)	1
2029	Ocean Key (Purple)	1
2030	Ocean Key (Blue)	1
2031	Voodoo Island Key (Green)	1
2032	Voodoo Island Key (Yellow)	1
2033	Voodoo Island Key (Red)	1
2034	Voodoo Island Key (Blue)	1
2035	Voodoo Island Key (Purple)	1
2036	Silver Harbour Key (Red)	1
2037	Silver Harbour Key (Green)	1
2038	Silver Harbour Key (Blue)	1
2039	Silver Harbour Key (Purple)	1
2040	Silver Harbour Key (Yellow)	1
2041	Death City Key (Red)	1
2042	Death City Key (Yellow)	1
2043	Death City Key (Purple)	1
2044	Death City Key (Green)	1
2045	Death City Key (Blue)	1
2046	Temple Key (Red)	1
2047	Temple Key (Yellow)	1
2048	Temple Key (Purple)	1
2049	Temple Key (Blue)	1
2050	Temple Key (Green)	1
2051	Drake Key (Yellow)	1
2052	Drake Key (Red)	1
2053	Drake Key (Purple)	1
2054	Drake Key (Blue)	1
2055	Drake Key (Green)	1
2056	Volcanic Island Key (Purple)	1
2057	Volcanic Island Key (Red)	1
2058	Volcanic Island Key (Yellow)	1
2059	Volcanic Island Key (Blue)	1
2060	Volcanic Island Key (Green)	1
2061	Eden Key (Purple)	1
2062	Eden Key (Yellow)	1
2063	Eden Key (Red)	1
2064	Eden Key (Green)	1
2065	Eden Key (Blue)	1
2066	Sunset Key (Yellow)	1
2067	Sunset Key (Red)	1
2068	Sunset Key (Purple)	1
2069	Sunset Key (Green)	1
2070	Sunset Key (Blue)	1
3001	War Crystal Lv.1	1
3002	Flame Crystal Lv.1	1
3003	Turmoil Crystal Lv.1	1
3004	Wrangle Crystal Lv.1	1
3005	Justice Crystal Lv.1	1
3006	Weapon Crystal Lv.1	1
3007	Wrestle Crystal Lv.1	1
3008	Confrontation Crystal Lv.1	1
3009	Outcome Crystal Lv.1	1
3010	Declare War Crystal Lv.1	1
3011	Coercion Crystal Lv.1	1
3012	Horror Crystal Lv.1	1
3013	Tight Crystal Lv.1	1
3014	Violence Crystal Lv.1	1
3015	Blood Crystal Lv.1	1
3016	Madness Crystal Lv.1	1
3017	Poor Soldier Crystal Lv.1	1
3018	Biochemistry Crystal Lv.1	1
3019	Modivid Crystal Lv.1	1
3020	Protect Crystal Lv.1	1
3021	Fort Crystal Lv.1 Lv1	1
3022	Imperial Crystal Lv.1	1
3023	Aversion Crystal Lv.1	1
3024	Cache Crystal Lv.1	1
3025	Predator Crystal Lv.1	1
3026	Cushion Crystal Lv.1	1
3027	Warn Crystal Lv.1	1
3028	Monitoring Crystal Lv.1	1
3029	Guard Crystal Lv.1	1
3030	Appease Crystal Lv.1	1
3031	Thunder Crystal Lv.1	1
3032	Sanction Crystal Lv.1	1
3033	Territory Crystal Lv.1	1
3034	Lockout Crystal Lv.1	1
3035	Chain Ring Crystal Lv.1	1
3036	One Heart Crystal Lv.1	1
3037	Improve Crystal Lv.1	1
3038	Familiar Crystal Lv.1	1
3039	Fracture Crystal Lv.1	1
3040	Security Crystal Lv.1	1
3041	Ministry Crystal Lv.1	1
3042	Compete Crystal Lv.1	1
3043	Calm Crystal Lv.1	1
3044	Guide Crystal Lv.1	1
3045	Safe Crystal Lv.1	1
3046	Inspiration Crystal Lv.1	1
3047	Sober Crystal Lv.1	1
3048	Silent Crystal Lv.1	1
3049	Superiority Crystal Lv.1	1
3050	Curtain Night Crystal Lv.1	1
3051	Hope Crystal Lv.1	1
3052	Support Crystal Lv.1	1
3053	War Crystal Lv.2	1
3054	Flame Crystal Lv.2	1
3055	Turmoil Crystal Lv.2	1
3056	Wrangle Crystal Lv.2	1
3057	Justice Crystal Lv.2	1
3058	Weapon Crystal Lv.2	1
3059	Wrestle Crystal Lv.2	1
3060	Confrontation Crystal Lv.2	1
3061	Outcome Crystal Lv.2	1
3062	Declare War Crystal Lv.2	1
3063	Coercion Crystal Lv.2	1
3064	Horror Crystal Lv.2	1
3065	Tight Crystal Lv.2	1
3066	Violence Crystal Lv.2	1
3067	Blood Crystal Lv.2	1
3068	Madness Crystal Lv.2	1
3069	Poor Soldier Crystal Lv.2	1
3070	Biochemistry Crystal Lv.2	1
3071	Modivid Crystal Lv.2	1
3072	Protect Crystal Lv.2	1
3073	Fort Crystal Lv.2	1
3074	Imperial Crystal Lv.2	1
3075	Aversion Crystal Lv.2	1
3076	Cache Crystal Lv.2	1
3077	Predator Crystal Lv.2	1
3078	Cushion Crystal Lv.2	1
3079	Warn Crystal Lv.2	1
3080	Monitoring Crystal Lv.2	1
3081	Guard Crystal Lv.2	1
3082	Appease Crystal Lv.2	1
3083	Thunder Crystal Lv.2	1
3084	Sanction Crystal Lv.2	1
3085	Territory Crystal Lv.2	1
3086	Lockout Crystal Lv.2	1
3087	Chain Ring Crystal Lv.2	1
3088	One Heart Crystal Lv.2	1
3089	Improve Crystal Lv.2	1
3090	Familiar Crystal Lv.2	1
3091	Fracture Crystal Lv.2	1
3092	Security Crystal Lv.2	1
3093	Ministry Crystal Lv.2	1
3094	Compete Crystal Lv.2	1
3095	Calm Crystal Lv.2	1
3096	Guide Crystal Lv.2	1
3097	Safe Crystal Lv.2	1
3098	Inspiration Crystal Lv.2	1
3099	Sober Crystal Lv.2	1
3100	Silent Crystal Lv.2	1
3101	Superiority Crystal Lv.2	1
3102	Curtain Night Crystal Lv.2	1
3103	Hope Crystal Lv.2	1
3104	Support Crystal Lv.2	1
3105	War Crystal Lv.3	1
3106	Flame Crystal Lv.3	1
3107	Turmoil Crystal Lv.3	1
3108	Wrangle Crystal Lv.3	1
3109	Justice Crystal Lv.3	1
3110	Weapon Crystal Lv.3	1
3111	Wrestle Crystal Lv.3	1
3112	Confrontation Crystal Lv.3	1
3113	Outcome Crystal Lv.3	1
3114	Declare War Crystal Lv.3	1
3115	Coercion Crystal Lv.3	1
3116	Horror Crystal Lv.3	1
3117	Tight Crystal Lv.3	1
3118	Violence Crystal Lv.3	1
3119	Blood Crystal Lv.3	1
3120	Madness Crystal Lv.3	1
3121	Poor Soldier Crystal Lv.3	1
3122	Biochemistry Crystal Lv.3	1
3123	Kill Crystal Lv.3	1
3124	Defeat Crystal Lv.3	1
3125	Modivid Crystal Lv.3	1
3126	Protect Crystal Lv.3	1
3127	Fort Crystal Lv.3	1
3128	Imperial Crystal Lv.3	1
3129	Aversion Crystal Lv.3	1
3130	Cache Crystal Lv.3	1
3131	Predator Crystal Lv.3	1
3132	Cushion Crystal Lv.3	1
3133	Warn Crystal Lv.3	1
3134	Monitoring Crystal Lv.3	1
3135	Guard Crystal Lv.3	1
3136	Appease Crystal Lv.3	1
3137	Thunder Crystal Lv.3	1
3138	Sanction Crystal Lv.3	1
3139	Territory Crystal Lv.3	1
3140	Lockout Crystal Lv.3	1
3141	Chain Ring Crystal Lv.3	1
3142	One Heart Crystal Lv.3	1
3143	Border Crystal Lv.3	1
3144	Wilderness Crystal Lv.3	1
3145	Improve Crystal Lv.3	1
3146	Familiar Crystal Lv.3	1
3147	Fracture Crystal Lv.3	1
3148	Security Crystal Lv.3	1
3149	Ministry Crystal Lv.3	1
3150	Compete Crystal Lv.3	1
3151	Calm Crystal Lv.3	1
3152	Guide Crystal Lv.3	1
3153	Safe Crystal Lv.3	1
3154	Inspiration Crystal Lv.3	1
3155	Sober Crystal Lv.3	1
3156	Silent Crystal Lv.3	1
3157	Superiority Crystal Lv.3	1
3158	Curtain Night Crystal Lv.3	1
3159	Hope Crystal Lv.3	1
3160	Support Crystal Lv.3	1
3161	Eternal Crystal Lv.3	1
3162	Intervene Crystal Lv.3	1
3163	War Crystal Lv.4	1
3164	Flame Crystal Lv.4	1
3165	Turmoil Crystal Lv.4	1
3166	Wrangle Crystal Lv.4	1
3167	Justice Crystal Lv.4	1
3168	Weapon Crystal Lv.4	1
3169	Wrestle Crystal Lv.4	1
3170	Confrontation Crystal Lv.4	1
3171	Outcome Crystal Lv.4	1
3172	Declare War Crystal Lv.4	1
3173	Coercion Crystal Lv.4	1
3174	Horror Crystal Lv.4	1
3175	Tight Crystal Lv.4	1
3176	Violence Crystal Lv.4	1
3177	Blood Crystal Lv.4	1
3178	Madness Crystal Lv.4	1
3179	Poor Soldier Crystal Lv.4	1
3180	Biochemistry Crystal Lv.4	1
3181	Kill Crystal Lv.4	1
3182	Defeat Crystal Lv.4	1
3183	Modivid Crystal Lv.4	1
3184	Protect Crystal Lv.4	1
3185	Fort Crystal Lv.4	1
3186	Imperial Crystal Lv.4	1
3187	Aversion Crystal Lv.4	1
3188	Cache Crystal Lv.4	1
3189	Predator Crystal Lv.4	1
3190	Cushion Crystal Lv.4	1
3191	Warn Crystal Lv.4	1
3192	Monitoring Crystal Lv.4	1
3193	Guard Crystal Lv.4	1
3194	Appease Crystal Lv.4	1
3195	Thunder Crystal Lv.4	1
3196	Sanction Crystal Lv.4	1
3197	Territory Crystal Lv.4	1
3198	Lockout Crystal Lv.4	1
3199	Chain Ring Crystal Lv.4	1
3200	One Heart Crystal Lv.4	1
3201	Border Crystal Lv.4	1
3202	Wilderness Crystal Lv.4	1
3203	Improve Crystal Lv.4	1
3204	Familiar Crystal Lv.4	1
3205	Fracture Crystal Lv.4	1
3206	Security Crystal Lv.4	1
3207	Ministry Crystal Lv.4	1
3208	Compete Crystal Lv.4	1
3209	Calm Crystal Lv.4	1
3210	Guide Crystal Lv.4	1
3211	Safe Crystal Lv.4	1
3212	Inspiration Crystal Lv.4	1
3213	Sober Crystal Lv.4	1
3214	Silent Crystal Lv.4	1
3215	Superiority Crystal Lv.4	1
3216	Curtain Night Crystal Lv.4	1
3217	Hope Crystal Lv.4	1
3218	Support Crystal Lv.4	1
3219	Eternal Crystal Lv.4	1
3220	Intervene Crystal Lv.4	1
3221	War Crystal Lv.5	1
3222	Flame Crystal Lv.5	1
3223	Turmoil Crystal Lv.5	1
3224	Wrangle Crystal Lv.5	1
3225	Justice Crystal Lv.5	1
3226	Weapon Crystal Lv.5	1
3227	Wrestle Crystal Lv.5	1
3228	Confrontation Crystal Lv.5	1
3229	Outcome Crystal Lv.5	1
3230	Declare War Crystal Lv.5	1
3231	Coercion Crystal Lv.5	1
3232	Horror Crystal Lv.5	1
3233	Tight Crystal Lv.5	1
3234	Violence Crystal Lv.5	1
3235	Blood Crystal Lv.5	1
3236	Madness Crystal Lv.5	1
3237	Poor Soldier Crystal Lv.5	1
3238	Biochemistry Crystal Lv.5	1
3239	Kill Crystal Lv.5	1
3240	Defeat Crystal Lv.5	1
3241	Modivid Crystal Lv.5	1
3242	Protect Crystal Lv.5	1
3243	Fort Crystal Lv.5	1
3244	Imperial Crystal Lv.5	1
3245	Aversion Crystal Lv.5	1
3246	Cache Crystal Lv.5	1
3247	Predator Crystal Lv.5	1
3248	Cushion Crystal Lv.5	1
3249	Warn Crystal Lv.5	1
3250	Monitoring Crystal Lv.5	1
3251	Guard Crystal Lv.5	1
3252	Appease Crystal Lv.5	1
3253	Thunder Crystal Lv.5	1
3254	Sanction Crystal Lv.5	1
3255	Territory Crystal Lv.5	1
3256	Lockout Crystal Lv.5	1
3257	Chain Ring Crystal Lv.5	1
3258	One Heart Crystal Lv.5	1
3259	Border Crystal Lv.5	1
3260	Wilderness Crystal Lv.5	1
3261	Improve Crystal Lv.5	1
3262	Familiar Crystal Lv.5	1
3263	Fracture Crystal Lv.5	1
3264	Security Crystal Lv.5	1
3265	Ministry Crystal Lv.5	1
3266	Compete Crystal Lv.5	1
3267	Calm Crystal Lv.5	1
3268	Guide Crystal Lv.5	1
3269	Safe Crystal Lv.5	1
3270	Inspiration Crystal Lv.5	1
3271	Sober Crystal Lv.5	1
3272	Silent Crystal Lv.5	1
3273	Superiority Crystal Lv.5	1
3274	Curtain Night Crystal Lv.5	1
3275	Hope Crystal Lv.5	1
3276	Support Crystal Lv.5	1
3277	Eternal Crystal Lv.5	1
3278	Intervene Crystal Lv.5	1
3279	War Crystal Lv.6	1
3280	Flame Crystal Lv.6	1
3281	Turmoil Crystal Lv.6	1
3282	Wrangle Crystal Lv.6	1
3283	Justice Crystal Lv.6	1
3284	Weapon Crystal Lv.6	1
3285	Wrestle Crystal Lv.6	1
3286	Confrontation Crystal Lv.6	1
3287	Outcome Crystal Lv.6	1
3288	Declare War Crystal Lv.6	1
3289	Coercion Crystal Lv.6	1
3290	Horror Crystal Lv.6	1
3291	Tight Crystal Lv.6	1
3292	Violence Crystal Lv.6	1
3293	Blood Crystal Lv.6	1
3294	Madness Crystal Lv.6	1
3295	Poor Soldier Crystal Lv.6	1
3296	Biochemistry Crystal Lv.6	1
3297	Kill Crystal Lv.6	1
3298	Defeat Crystal Lv.6	1
3299	Modivid Crystal Lv.6	1
3300	Protect Crystal Lv.6	1
3301	Fort Crystal Lv.6	1
3302	Imperial Crystal Lv.6	1
3303	Aversion Crystal Lv.6	1
3304	Cache Crystal Lv.6	1
3305	Predator Crystal Lv.6	1
3306	Cushion Crystal Lv.6	1
3307	Warn Crystal Lv.6	1
3308	Monitoring Crystal Lv.6	1
3309	Guard Crystal Lv.6	1
3310	Appease Crystal Lv.6	1
3311	Thunder Crystal Lv.6	1
3312	Sanction Crystal Lv.6	1
3313	Territory Crystal Lv.6	1
3314	Lockout Crystal Lv.6	1
3315	Chain Ring Crystal Lv.6	1
3316	One Heart Crystal Lv.6	1
3317	Border Crystal Lv.6	1
3318	Wilderness Crystal Lv.6	1
3319	Improve Crystal Lv.6	1
3320	Familiar Crystal Lv.6	1
3321	Fracture Crystal Lv.6	1
3322	Security Crystal Lv.6	1
3323	Ministry Crystal Lv.6	1
3324	Compete Crystal Lv.6	1
3325	Calm Crystal Lv.6	1
3326	Guide Crystal Lv.6	1
3327	Safe Crystal Lv.6	1
3328	Inspiration Crystal Lv.6	1
3329	Sober Crystal Lv.6	1
3330	Silent Crystal Lv.6	1
3331	Superiority Crystal Lv.6	1
3332	Curtain Night Crystal Lv.6	1
3333	Hope Crystal Lv.6	1
3334	Support Crystal Lv.6	1
3335	Eternal Crystal Lv.6	1
3336	Intervene Crystal Lv.6	1
3337	War Crystal Lv.7	1
3338	Flame Crystal Lv.7	1
3339	Turmoil Crystal Lv.7	1
3340	Wrangle Crystal Lv.7	1
3341	Justice Crystal Lv.7	1
3342	Weapon Crystal Lv.7	1
3343	Wrestle Crystal Lv.7	1
3344	Confrontation Crystal Lv.7	1
3345	Outcome Crystal Lv.7	1
3346	Declare War Crystal Lv.7	1
3347	Coercion Crystal Lv.7	1
3348	Horror Crystal Lv.7	1
3349	Tight Crystal Lv.7	1
3350	Violence Crystal Lv.7	1
3351	Blood Crystal Lv.7	1
3352	Madness Crystal Lv.7	1
3353	Poor Soldier Crystal Lv.7	1
3354	Biochemistry Crystal Lv.7	1
3355	Kill Crystal Lv.7	1
3356	Defeat Crystal Lv.7	1
3357	Modivid Crystal Lv.7	1
3358	Protect Crystal Lv.7	1
3359	Fort Crystal Lv.7	1
3360	Imperial Crystal Lv.7	1
3361	Aversion Crystal Lv.7	1
3362	Cache Crystal Lv.7	1
3363	Predator Crystal Lv.7	1
3364	Cushion Crystal Lv.7	1
3365	Warn Crystal Lv.7	1
3366	Monitoring Crystal Lv.7	1
3367	Guard Crystal Lv.7	1
3368	Appease Crystal Lv.7	1
3369	Thunder Crystal Lv.7	1
3370	Sanction Crystal Lv.7	1
3371	Territory Crystal Lv.7	1
3372	Lockout Crystal Lv.7	1
3373	Chain Ring Crystal Lv.7	1
3374	One Heart Crystal Lv.7	1
3375	Border Crystal Lv.7	1
3376	Wilderness Crystal Lv.7	1
3377	Improve Crystal Lv.7	1
3378	Familiar Crystal Lv.7	1
3379	Fracture Crystal Lv.7	1
3380	Security Crystal Lv.7	1
3381	Ministry Crystal Lv.7	1
3382	Compete Crystal Lv.7	1
3383	Calm Crystal Lv.7	1
3384	Guide Crystal Lv.7	1
3385	Safe Crystal Lv.7	1
3386	Inspiration Crystal Lv.7	1
3387	Sober Crystal Lv.7	1
3388	Silent Crystal Lv.7	1
3389	Superiority Crystal Lv.7	1
3390	Curtain Night Crystal Lv.7	1
3391	Hope Crystal Lv.7	1
3392	Support Crystal Lv.7	1
3393	Eternal Crystal Lv.7	1
3394	Intervene Crystal Lv.7	1
3395	War Crystal Lv.8	1
3396	Flame Crystal Lv.8	1
3397	Turmoil Crystal Lv.8	1
3398	Wrangle Crystal Lv.8	1
3399	Justice Crystal Lv.8	1
3400	Weapon Crystal Lv.8	1
3401	Wrestle Crystal Lv.8	1
3402	Confrontation Crystal Lv.8	1
3403	Outcome Crystal Lv.8	1
3404	Declare War Crystal Lv.8	1
3405	Coercion Crystal Lv.8	1
3406	Horror Crystal Lv.8	1
3407	Tight Crystal Lv.8	1
3408	Violence Crystal Lv.8	1
3409	Blood Crystal Lv.8	1
3410	Madness Crystal Lv.8	1
3411	Poor Soldier Crystal Lv.8	1
3412	Biochemistry Crystal Lv.8	1
3413	Kill Crystal Lv.8	1
3414	Defeat Crystal Lv.8	1
3415	Modivid Crystal Lv.8	1
3416	Protect Crystal Lv.8	1
3417	Fort Crystal Lv.8	1
3418	Imperial Crystal Lv.8	1
3419	Aversion Crystal Lv.8	1
3420	Cache Crystal Lv.8	1
3421	Predator Crystal Lv.8	1
3422	Cushion Crystal Lv.8	1
3423	Warn Crystal Lv.8	1
3424	Monitoring Crystal Lv.8	1
3425	Guard Crystal Lv.8	1
3426	Appease Crystal Lv.8	1
3427	Thunder Crystal Lv.8	1
3428	Sanction Crystal Lv.8	1
3429	Territory Crystal Lv.8	1
3430	Lockout Crystal Lv.8	1
3431	Chain Ring Crystal Lv.8	1
3432	One Heart Crystal Lv.8	1
3433	Border Crystal Lv.8	1
3434	Wilderness Crystal Lv.8	1
3435	Improve Crystal Lv.8	1
3436	Familiar Crystal Lv.8	1
3437	Fracture Crystal Lv.8	1
3438	Security Crystal Lv.8	1
3439	Ministry Crystal Lv.8	1
3440	Compete Crystal Lv.8	1
3441	Calm Crystal Lv.8	1
3442	Guide Crystal Lv.8	1
3443	Safe Crystal Lv.8	1
3444	Inspiration Crystal Lv.8	1
3445	Sober Crystal Lv.8	1
3446	Silent Crystal Lv.8	1
3447	Superiority Crystal Lv.8	1
3448	Curtain Night Crystal Lv.8	1
3449	Hope Crystal Lv.8	1
3450	Support Crystal Lv.8	1
3451	Eternal Crystal Lv.8	1
3452	Intervene Crystal Lv.8	1
3453	War Crystal Lv.9	1
3454	Flame Crystal Lv.9	1
3455	Turmoil Crystal Lv.9	1
3456	Wrangle Crystal Lv.9	1
3457	Justice Crystal Lv.9	1
3458	Weapon Crystal Lv.9	1
3459	Wrestle Crystal Lv.9	1
3460	Confrontation Crystal Lv.9	1
3461	Outcome Crystal Lv.9	1
3462	Declare War Crystal Lv.9	1
3463	Coercion Crystal Lv.9	1
3464	Horror Crystal Lv.9	1
3465	Tight Crystal Lv.9	1
3466	Violence Crystal Lv.9	1
3467	Blood Crystal Lv.9	1
3468	Madness Crystal Lv.9	1
3469	Poor Soldier Crystal Lv.9	1
3470	Biochemistry Crystal Lv.9	1
3471	Kill Crystal Lv.9	1
3472	Defeat Crystal Lv.9	1
3473	Modivid Crystal Lv.9	1
3474	Protect Crystal Lv.9	1
3475	Fort Crystal Lv.9	1
3476	Imperial Crystal Lv.9	1
3477	Aversion Crystal Lv.9	1
3478	Cache Crystal Lv.9	1
3479	Predator Crystal Lv.9	1
3480	Cushion Crystal Lv.9	1
3481	Warn Crystal Lv.9	1
3482	Monitoring Crystal Lv.9	1
3483	Guard Crystal Lv.9	1
3484	Appease Crystal Lv.9	1
3485	Thunder Crystal Lv.9	1
3486	Sanction Crystal Lv.9	1
3487	Territory Crystal Lv.9	1
3488	Lockout Crystal Lv.9	1
3489	Chain Ring Crystal Lv.9	1
3490	One Heart Crystal Lv.9	1
3491	Border Crystal Lv.9	1
3492	Wilderness Crystal Lv.9	1
3493	Improve Crystal Lv.9	1
3494	Familiar Crystal Lv.9	1
3495	Fracture Crystal Lv.9	1
3496	Security Crystal Lv.9	1
3497	Ministry Crystal Lv.9	1
3498	Compete Crystal Lv.9	1
3499	Calm Crystal Lv.9	1
3500	Guide Crystal Lv.9	1
3501	Safe Crystal Lv.9	1
3502	Inspiration Crystal Lv.9	1
3503	Sober Crystal Lv.9	1
3504	Silent Crystal Lv.9	1
3505	Superiority Crystal Lv.9	1
3506	Curtain Night Crystal Lv.9	1
3507	Hope Crystal Lv.9	1
3508	Support Crystal Lv.9	1
3509	Eternal Crystal Lv.9	1
3510	Intervene Crystal Lv.9	1
3511	Enticement Crystal Lv.1	1
3512	Instruction Crystal Lv.1	1
3513	Enticement Crystal Lv.2	1
3514	Instruction Crystal Lv.2	1
3515	Enticement Crystal Lv.3	1
3516	Instruction Crystal Lv.3	1
3517	Enticement Crystal Lv.4	1
3518	Instruction Crystal Lv.4	1
3519	Enticement Crystal Lv.5	1
3520	Instruction Crystal Lv.5	1
3521	Enticement Crystal Lv.6	1
3522	Instruction Crystal Lv.6	1
3523	Enticement Crystal Lv.7	1
3524	Instruction Crystal Lv.7	1
3525	Enticement Crystal Lv.8	1
3526	Instruction Crystal Lv.8	1
3527	Enticement Crystal Lv.9	1
3528	Instruction Crystal Lv.9	1
4901	Original Sin Power_Greed	1
4902	Original Sin Power_Greed	1
5001	Guawa Guess Fun	25
5501	Soul Companion Guide(Female)	1
5502	Soul Companion Guide(Male)	1
5503	Original Sin Stone	25
5511	Holmes Telescope	1
5512	Holmes Telescope	1
5513	Holmes Telescope	1
5514	Holmes Telescope	1
5515	Holmes Telescope	1
5516	Pirates Chart	1
5517	Devil Broken Tooth	25
5518	Tormentor Heart	25
5521	Warrior Way: Sincere Volume	1
5522	Warrior Way: Reputation Volume	1
5523	Warrior Way: Loyal Volume	1
5524	Warrior Way: Subdue Volume	1
5525	Wolf Soul: Hunting Chapter	1
5526	Wolf Soul: Hunt Chapter	1
5527	Wolf Soul: Mad Chapter	1
5528	Wolf Soul: Turmoil Chapter	1
5529	Wolf Soul: Fierce Chapter	1
5530	Wolf Soul: Evil Chapter	1
5531	Wolf Soul: Violent Chapter	1
5532	Wolf Soul: Against Chapter	1
5533	Wolf Soul: Free Chapter	1
5534	Red Truth Rose	1
5535	Sincerely White Lily	1
5536	Companion Test Gauntlet	1
5537	Companion Test Gauntlet	1
5538	Wolf Soul: Fight Chapter	1
5539	Wolf Soul: Battle Chapter	1
5540	Letter To Santa	1
5541	Passion Chocolate	1
5542	Milk Chocolate	1
5543	Dark Chocolate	1
5544	Chocolate Fudge	1
5545	Liqueur Chocolate	1
5601	Hammer of Judgment Treasure Trail	1
5602	Poseidon servant Treasure Trail	1
5603	Ancyn Grip Treasure Trail	1
5604	Lydiana Melody Treasure Trail	1
5605	Treasure Hunter Bag Treasure Trail	1
5606	Night  Evilteeth Treasure Trail	1
5607	Assault Boat Key Treasure Trail	1
5608	Judge Certificate Treasure Trail	1
5609	Poseidon Instrument Treasure Trail	1
5610	Companion Amaze Adventure	1
5611	Companion Amaze Adventure	1
5612	Companion Amaze Adventure	1
5613	Companion Amaze Adventure	1
6002	M Gu	1
6004	Ivah	1
6007	Gobao	1
6021	Nalu Sase	1
6024	Cale	1
6030	Tuna	1
6033	Croseyes	1
6034	Olivia	1
6035	Elizabeth	1
6043	Yan Yuzi	1
6044	Khayredin	1
6045	Odyssey	1
6046	Flying Yellow Duck	1
6101	Wilbur Wolf	1
6201	Elizabeth (ver.x'mas)	1
6999	Unknown Crew	1
7001	Fur seal	1
7002	Sediment Wolf	1
7003	Blind Hound	1
7004	Exotic Demon Wolf	1
7005	Red Flame Demon Wolf	1
7006	Two Horns Tiger	1
7007	Purple Flame Lion	1
7008	Jungle Tiger	1
7009	Dark Roast Lion	1
7010	Blue Tiger	1
7011	Ned King Kong	1
7012	Polar ape	1
7013	Wild ape	1
7014	Hell King Kong	1
7015	Ward Kingkong	1
7016	Zombie baboon	1
7017	Greenwood Magic Flower	1
7018	Fire magic	1
7019	Toxic Vine	1
7020	End date Flower	1
7021	Charm Felvine	1
7022	Mountain Deer	1
7023	Sparkler Antelope	1
7024	Flame Mountains deer	1
7025	Polar deer	1
7026	Prairie deer	1
7027	Nightmare Claw beast	1
7028	Rock turtle	1
7029	Sand dragon	1
7030	Purple turtle	1
7031	Earth Flame Dragon	1
7032	Swamp Tortoise	1
7033	Iceberg Turtle	1
7034	Desert Eagle	1
7035	Blood red eagle	1
7036	Forest Green Eagle	1
7037	Razor Blackhawk	1
7038	Steel blade Eagle	1
7039	lenka	1
7040	Raspberry Bibi	1
7041	Flying Rat Sapphire	1
7042	Remains Bibi	1
7043	Crystal Bibi	1
7044	Navy Two Tripods	1
7045	Protect City Mech	1
7046	Navy Tiger Mech	1
7047	Pirates blitz Mech	1
7048	Air Thief Meteor Mech	1
7049	Navy guns Mech	1
7050	Fire Euglena	1
7051	Crusty Bone Fish	1
7052	Jade Euglena	1
7053	Craig Firebird	1
7054	Ominous Bird	1
7055	Angel Sheep	1
7056	Blue Sea Snake	1
7057	Sharp snake poison ivy	1
7058	Red Flame Creeper	1
7059	Phantom Demon Snake	1
7060	Temple Snake	1
7061	Snail	1
7062	Deep Sea Snail	1
7063	Flash Snail	1
7064	Fighting Fish soldier	1
7065	Gentry Platypus	1
7066	Scythe beetle	1
7067	Sunry beetle	1
7068	Blue Beetle	1
7069	Thorn Hammer Bee	1
7070	Red blood Bee	1
7071	Sea Phantom	1
7072	Nelson	1
7073	Odyssey	1
7074	Plato	1
7075	Jason	1
7076	Medea	1
7077	Drake	1
7078	Siren	1
7079	Rosemary	1
7080	Angelina	1
7081	Bismarck	1
7082	Isoroku Yamamoto	1
7083	Columbus	1
7084	Magellan	1
7085	Angel of Death	1
7086	Juoda	1
7087	Rosie Antelope	1
7088	Pumpkin Ghost	1
7089	Skeleton Seaman	1
7090	Christmas Elf-Warm	1
7091	Christmas Elf-Pretty	1
7092	Romantic Lover	1
7093	Pink Beauty	1
7999	Unknown Pet	1
8001	Blind Hound	1
8002	Plain Jerboa	1
8003	Wave Dragon Horse	1
8005	Caille Assault boat	1
8006	Purple Flame Lion	1
8007	Test Plain Jerboa	1
8008	Yellow Duck(30 Day)	1
8010	Unicorn	1
8012	Red Flame Demon Wolf	1
8013	Yellow Duck	1
8014	Christmas Elk	1
8990	Unknown Mounts	1
93001	War Crystal Lv.1	1
93002	Flame Crystal Lv.1	1
93003	Turmoil Crystal Lv.1	1
93004	Wrangle Crystal Lv.1	1
93005	Justice Crystal Lv.1	1
93006	Weapon Crystal Lv.1	1
93007	Wrestle Crystal Lv.1	1
93008	Confrontation Crystal Lv.1	1
93009	Outcome Crystal Lv.1	1
93010	Declare War Crystal Lv.1	1
93011	Coercion Crystal Lv.1	1
93012	Horror Crystal Lv.1	1
93013	Tight Crystal Lv.1	1
93014	Violence Crystal Lv.1	1
93015	Blood Crystal Lv.1	1
93016	Madness Crystal Lv.1	1
93017	Poor Soldier Crystal Lv.1	1
93018	Biochemistry Crystal Lv.1	1
93019	Modivid Crystal Lv.1	1
93020	Protect Crystal Lv.1	1
93021	Fort Crystal Lv.1	1
93022	Imperial Crystal Lv.1	1
93023	Aversion Crystal Lv.1	1
93024	Cache Crystal Lv.1	1
93025	Predator Crystal Lv.1	1
93026	Cushion Crystal Lv.1	1
93027	Warn Crystal Lv.1	1
93028	Monitoring Crystal Lv.1	1
93029	Guard Crystal Lv.1	1
93030	Appease Crystal Lv.1	1
93031	Thunder Crystal Lv.1	1
93032	Sanction Crystal Lv.1	1
93033	Territory Crystal Lv.1	1
93034	Lockout Crystal Lv.1	1
93035	Chain Ring Crystal Lv.1	1
93036	One Heart Crystal Lv.1	1
93037	Improve Crystal Lv.1	1
93038	Familiar Crystal Lv.1	1
93039	Fracture Crystal Lv.1	1
93040	Security Crystal Lv.1	1
93041	Ministry Crystal Lv.1	1
93042	Compete Crystal Lv.1	1
93043	Calm Crystal Lv.1	1
93044	Guide Crystal Lv.1	1
93045	Safe Crystal Lv.1	1
93046	Inspiration Crystal Lv.1	1
93047	Sober Crystal Lv.1	1
93048	Silent Crystal Lv.1	1
93049	Superiority Crystal Lv.1	1
93050	Curtain Night Crystal Lv.1	1
93051	Hope Crystal Lv.1	1
93052	Support Crystal Lv.1	1
93053	War Crystal Lv.2	1
93054	Flame Crystal Lv.2	1
93055	Turmoil Crystal Lv.2	1
93056	Wrangle Crystal Lv.2	1
93057	Justice Crystal Lv.2	1
93058	Weapon Crystal Lv.2	1
93059	Wrestle Crystal Lv.2	1
93060	Confrontation Crystal Lv.2	1
93061	Outcome Crystal Lv.2	1
93062	Declare War Crystal Lv.2	1
93063	Coercion Crystal Lv.2	1
93064	Horror Crystal Lv.2	1
93065	Tight Crystal Lv.2	1
93066	Violence Crystal Lv.2	1
93067	Blood Crystal Lv.2	1
93068	Madness Crystal Lv.2	1
93069	Poor Soldier Crystal Lv.2	1
93070	Biochemistry Crystal Lv.2	1
93071	Modivid Crystal Lv.2	1
93072	Protect Crystal Lv.2	1
93073	Fort Crystal Lv.2	1
93074	Imperial Lv.2 Crystal Lv.2	1
93075	Aversion Crystal Lv.2	1
93076	Cache Crystal Lv.2	1
93077	Predator Crystal Lv.2	1
93078	Cushion Crystal Lv.2	1
93079	Warn Crystal Lv.2	1
93080	Monitoring Crystal Lv.2	1
93081	Guard Crystal Lv.2	1
93082	Appease Crystal Lv.2	1
93083	Thunder Crystal Lv.2	1
93084	Sanction Crystal Lv.2	1
93085	Territory Crystal Lv.2	1
93086	Lockout Crystal Lv.2	1
93087	Chain Ring Crystal Lv.2	1
93088	One Heart Crystal Lv.2	1
93089	Improve Crystal Lv.2	1
93090	Familiar Crystal Lv.2	1
93091	Fracture Crystal Lv.2	1
93092	Security Crystal Lv.2	1
93093	Ministry Crystal Lv.2	1
93094	Compete Crystal Lv.2	1
93095	Cal Lv.2m Crystal Lv.2	1
93096	Guide Crystal Lv.2	1
93097	Safe Crystal Lv.2	1
93098	Inspiration Crystal Lv.2	1
93099	Sober Crystal Lv.2	1
93100	Silent Crystal Lv.2	1
93101	Superiority Crystal Lv.2	1
93102	Curtain Night Crystal Lv.2	1
93103	Hope Crystal Lv.2	1
93104	Support Crystal Lv.2	1
93105	War Crystal Lv.3	1
93106	Flame Crystal Lv.3	1
93107	Turmoil Crystal Lv.3	1
93108	Wrangle Crystal Lv.3	1
93109	Justice Crystal Lv.3	1
93110	Weapon Crystal Lv.3	1
93111	Wrestle Crystal Lv.3	1
93112	Confrontation Crystal Lv.3	1
93113	Outcome Crystal Lv.3	1
93114	Declare War Crystal Lv.3	1
93115	Coercion Crystal Lv.3	1
93116	Horror Crystal Lv.3	1
93117	Tight Crystal Lv.3	1
93118	Violence Crystal Lv.3	1
93119	Blood Crystal Lv.3	1
93120	Madness Crystal Lv.3	1
93121	Poor Soldier Crystal Lv.3	1
93122	Biochemistry Crystal Lv.3	1
93123	Kill Crystal Lv.3	1
93124	Defeat Crystal Lv.3	1
93125	Modivid Crystal Lv.3	1
93126	Protect Crystal Lv.3	1
93127	Fort Crystal Lv.3	1
93128	Imperial Lv.3 Crystal Lv.3	1
93129	Aversion Crystal Lv.3	1
93130	Cache Crystal Lv.3	1
93131	Predator Crystal Lv.3	1
93132	Cushion Crystal Lv.3	1
93133	Warn Crystal Lv.3	1
93134	Monitoring Crystal Lv.3	1
93135	Guard Crystal Lv.3	1
93136	Appease Crystal Lv.3	1
93137	Thunder Crystal Lv.3	1
93138	Sanction Crystal Lv.3	1
93139	Territory Crystal Lv.3	1
93140	Lockout Crystal Lv.3	1
93141	Chain Ring Crystal Lv.3	1
93142	One Heart Crystal Lv.3	1
93143	Border Crystal Lv.3	1
93144	Wilderness Crystal Lv.3	1
93145	Improve Crystal Lv.3	1
93146	Familiar Crystal Lv.3	1
93147	Fracture Crystal Lv.3	1
93148	Security Crystal Lv.3	1
93149	Ministry Crystal Lv.3	1
93150	Compete Crystal Lv.3	1
93151	Cal Lv.3m Crystal Lv.3	1
93152	Guide Crystal Lv.3	1
93153	Safe Crystal Lv.3	1
93154	Inspiration Crystal Lv.3	1
93155	Sober Crystal Lv.3	1
93156	Silent Crystal Lv.3	1
93157	Superiority Crystal Lv.3	1
93158	Curtain Night Crystal Lv.3	1
93159	Hope Crystal Lv.3	1
93160	Support Crystal Lv.3	1
93161	Eternal Lv.3 Crystal Lv.3	1
93162	Intervene Crystal Lv.3	1
93163	War Crystal Lv.4	1
93164	Flame Crystal Lv.4	1
93165	Turmoil Crystal Lv.4	1
93166	Wrangle Crystal Lv.4	1
93167	Justice Crystal Lv.4	1
93168	Weapon Crystal Lv.4	1
93169	Wrestle Crystal Lv.4	1
93170	Confrontation Crystal Lv.4	1
93171	Outcome Crystal Lv.4	1
93172	Declare War Crystal Lv.4	1
93173	Coercion Crystal Lv.4	1
93174	Horror Crystal Lv.4	1
93175	Tight Crystal Lv.4	1
93176	Violence Crystal Lv.4	1
93177	Blood Crystal Lv.4	1
93178	Madness Crystal Lv.4	1
93179	Poor Soldier Crystal Lv.4	1
93180	Biochemistry Crystal Lv.4	1
93181	Kill Crystal Lv.4	1
93182	Defeat Crystal Lv.4	1
93183	Modivid Crystal Lv.4	1
93184	Protect Crystal Lv.4	1
93185	Fort Crystal Lv.4	1
93186	Imperial Lv.4 Crystal Lv.4	1
93187	Aversion Crystal Lv.4	1
93188	Cache Crystal Lv.4	1
93189	Predator Crystal Lv.4	1
93190	Cushion Crystal Lv.4	1
93191	Warn Crystal Lv.4	1
93192	Monitoring Crystal Lv.4	1
93193	Guard Crystal Lv.4	1
93194	Appease Crystal Lv.4	1
93195	Thunder Crystal Lv.4	1
93196	Sanction Crystal Lv.4	1
93197	Territory Crystal Lv.4	1
93198	Lockout Crystal Lv.4	1
93199	Chain Ring Crystal Lv.4	1
93200	One Heart Crystal Lv.4	1
93201	Border Crystal Lv.4	1
93202	Wilderness Crystal Lv.4	1
93203	Improve Crystal Lv.4	1
93204	Familiar Crystal Lv.4	1
93205	Fracture Crystal Lv.4	1
93206	Security Crystal Lv.4	1
93207	Ministry Crystal Lv.4	1
93208	Compete Crystal Lv.4	1
93209	Cal Lv.4m Crystal Lv.4	1
93210	Guide Crystal Lv.4	1
93211	Safe Crystal Lv.4	1
93212	Inspiration Crystal Lv.4	1
93213	Sober Crystal Lv.4	1
93214	Silent Crystal Lv.4	1
93215	Superiority Crystal Lv.4	1
93216	Curtain Night Crystal Lv.4	1
93217	Hope Crystal Lv.4	1
93218	Support Crystal Lv.4	1
93219	Eternal Lv.4 Crystal Lv.4	1
93220	Intervene Crystal Lv.4	1
93221	War Crystal Lv.5	1
93222	Flame Crystal Lv.5	1
93223	Turmoil Crystal Lv.5	1
93224	Wrangle Crystal Lv.5	1
93225	Justice Crystal Lv.5	1
93226	Weapon Crystal Lv.5	1
93227	Wrestle Crystal Lv.5	1
93228	Confrontation Crystal Lv.5	1
93229	Outcome Crystal Lv.5	1
93230	Declare War Crystal Lv.5	1
93231	Coercion Crystal Lv.5	1
93232	Horror Crystal Lv.5	1
93233	Tight Crystal Lv.5	1
93234	Violence Crystal Lv.5	1
93235	Blood Crystal Lv.5	1
93236	Madness Crystal Lv.5	1
93237	Poor Soldier Crystal Lv.5	1
93238	Biochemistry Crystal Lv.5	1
93239	Kill Crystal Lv.5	1
93240	Defeat Crystal Lv.5	1
93241	Modivid Crystal Lv.5	1
93242	Protect Crystal Lv.5	1
93243	Fort Crystal Lv.5	1
93244	Imperial Lv.5 Crystal Lv.5	1
93245	Aversion Crystal Lv.5	1
93246	Cache Crystal Lv.5	1
93247	Predator Crystal Lv.5	1
93248	Cushion Crystal Lv.5	1
93249	Warn Crystal Lv.5	1
93250	Monitoring Crystal Lv.5	1
93251	Guard Crystal Lv.5	1
93252	Appease Crystal Lv.5	1
93253	Thunder Crystal Lv.5	1
93254	Sanction Crystal Lv.5	1
93255	Territory Crystal Lv.5	1
93256	Lockout Crystal Lv.5	1
93257	Chain Ring Crystal Lv.5	1
93258	One Heart Crystal Lv.5	1
93259	Border Crystal Lv.5	1
93260	Wilderness Crystal Lv.5	1
93261	Improve Crystal Lv.5	1
93262	Familiar Crystal Lv.5	1
93263	Fracture Crystal Lv.5	1
93264	Security Crystal Lv.5	1
93265	Ministry Crystal Lv.5	1
93266	Compete Crystal Lv.5	1
93267	Cal Lv.5m Crystal Lv.5	1
93268	Guide Crystal Lv.5	1
93269	Safe Crystal Lv.5	1
93270	Inspiration Crystal Lv.5	1
93271	Sober Crystal Lv.5	1
93272	Silent Crystal Lv.5	1
93273	Superiority Crystal Lv.5	1
93274	Curtain Night Crystal Lv.5	1
93275	Hope Crystal Lv.5	1
93276	Support Crystal Lv.5	1
93277	Eternal Lv.5 Crystal Lv.5	1
93278	Intervene Crystal Lv.5	1
93279	War Crystal Lv.6	1
93280	Flame Crystal Lv.6	1
93281	Turmoil Crystal Lv.6	1
93282	Wrangle Crystal Lv.6	1
93283	Justice Crystal Lv.6	1
93284	Weapon Crystal Lv.6	1
93285	Wrestle Crystal Lv.6	1
93286	Confrontation Crystal Lv.6	1
93287	Outcome Crystal Lv.6	1
93288	Declare War Crystal Lv.6	1
93289	Coercion Crystal Lv.6	1
93290	Horror Crystal Lv.6	1
93291	Tight Crystal Lv.6	1
93292	Violence Crystal Lv.6	1
93293	Blood Crystal Lv.6	1
93294	Madness Crystal Lv.6	1
93295	Poor Soldier Crystal Lv.6	1
93296	Biochemistry Crystal Lv.6	1
93297	Kill Crystal Lv.6	1
93298	Defeat Crystal Lv.6	1
93299	Modivid Crystal Lv.6	1
93300	Protect Crystal Lv.6	1
93301	Fort Crystal Lv.6	1
93302	Imperial Lv.6 Crystal Lv.6	1
93303	Aversion Crystal Lv.6	1
93304	Cache Crystal Lv.6	1
93305	Predator Crystal Lv.6	1
93306	Cushion Crystal Lv.6	1
93307	Warn Crystal Lv.6	1
93308	Monitoring Crystal Lv.6	1
93309	Guard Crystal Lv.6	1
93310	Appease Crystal Lv.6	1
93311	Thunder Crystal Lv.6	1
93312	Sanction Crystal Lv.6	1
93313	Territory Crystal Lv.6	1
93314	Lockout Crystal Lv.6	1
93315	Chain Ring Crystal Lv.6	1
93316	One Heart Crystal Lv.6	1
93317	Border Crystal Lv.6	1
93318	Wilderness Crystal Lv.6	1
93319	Improve Crystal Lv.6	1
93320	Familiar Crystal Lv.6	1
93321	Fracture Crystal Lv.6	1
93322	Security Crystal Lv.6	1
93323	Ministry Crystal Lv.6	1
93324	Compete Crystal Lv.6	1
93325	Cal Lv.6m Crystal Lv.6	1
93326	Guide Crystal Lv.6	1
93327	Safe Crystal Lv.6	1
93328	Inspiration Crystal Lv.6	1
93329	Sober Crystal Lv.6	1
93330	Silent Crystal Lv.6	1
93331	Superiority Crystal Lv.6	1
93332	Curtain Night Crystal Lv.6	1
93333	Hope Crystal Lv.6	1
93334	Support Crystal Lv.6	1
93335	Eternal Lv.6 Crystal Lv.6	1
93336	Intervene Crystal Lv.6	1
93337	War Crystal Lv.7	1
93338	Flame Crystal Lv.7	1
93339	Turmoil Crystal Lv.7	1
93340	Wrangle Crystal Lv.7	1
93341	Justice Crystal Lv.7	1
93342	Weapon Crystal Lv.7	1
93343	Wrestle Crystal Lv.7	1
93344	Confrontation Crystal Lv.7	1
93345	Outcome Crystal Lv.7	1
93346	Declare War Crystal Lv.7	1
93347	Coercion Crystal Lv.7	1
93348	Horror Crystal Lv.7	1
93349	Tight Crystal Lv.7	1
93350	Violence Crystal Lv.7	1
93351	Blood Crystal Lv.7	1
93352	Madness Crystal Lv.7	1
93353	Poor Soldier Crystal Lv.7	1
93354	Biochemistry Crystal Lv.7	1
93355	Kill Crystal Lv.7	1
93356	Defeat Crystal Lv.7	1
93357	Modivid Crystal Lv.7	1
93358	Protect Crystal Lv.7	1
93359	Fort Crystal Lv.7	1
93360	Imperial Lv.7 Crystal Lv.7	1
93361	Aversion Crystal Lv.7	1
93362	Cache Crystal Lv.7	1
93363	Predator Crystal Lv.7	1
93364	Cushion Crystal Lv.7	1
93365	Warn Crystal Lv.7	1
93366	Monitoring Crystal Lv.7	1
93367	Guard Crystal Lv.7	1
93368	Appease Crystal Lv.7	1
93369	Thunder Crystal Lv.7	1
93370	Sanction Crystal Lv.7	1
93371	Territory Crystal Lv.7	1
93372	Lockout Crystal Lv.7	1
93373	Chain Ring Crystal Lv.7	1
93374	One Heart Crystal Lv.7	1
93375	Border Crystal Lv.7	1
93376	Wilderness Crystal Lv.7	1
93377	Improve Crystal Lv.7	1
93378	Familiar Crystal Lv.7	1
93379	Fracture Crystal Lv.7	1
93380	Security Crystal Lv.7	1
93381	Ministry Crystal Lv.7	1
93382	Compete Crystal Lv.7	1
93383	Cal Lv.7m Crystal Lv.7	1
93384	Guide Crystal Lv.7	1
93385	Safe Crystal Lv.7	1
93386	Inspiration Crystal Lv.7	1
93387	Sober Crystal Lv.7	1
93388	Silent Crystal Lv.7	1
93389	Superiority Crystal Lv.7	1
93390	Curtain Night Crystal Lv.7	1
93391	Hope Crystal Lv.7	1
93392	Support Crystal Lv.7	1
93393	Eternal Lv.7 Crystal Lv.7	1
93394	Intervene Crystal Lv.7	1
93395	War Crystal Lv.8	1
93396	Flame Crystal Lv.8	1
93397	Turmoil Crystal Lv.8	1
93398	Wrangle Crystal Lv.8	1
93399	Justice Crystal Lv.8	1
93400	Weapon Crystal Lv.8	1
93401	Wrestle Crystal Lv.8	1
93402	Confrontation Crystal Lv.8	1
93403	Outcome Crystal Lv.8	1
93404	Declare War Crystal Lv.8	1
93405	Coercion Crystal Lv.8	1
93406	Horror Crystal Lv.8	1
93407	Tight Crystal Lv.8	1
93408	Violence Crystal Lv.8	1
93409	Blood Crystal Lv.8	1
93410	Madness Crystal Lv.8	1
93411	Poor Soldier Crystal Lv.8	1
93412	Biochemistry Crystal Lv.8	1
93413	Kill Crystal Lv.8	1
93414	Defeat Crystal Lv.8	1
93415	Modivid Crystal Lv.8	1
93416	Protect Crystal Lv.8	1
93417	Fort Crystal Lv.8	1
93418	Imperial Lv.8 Crystal Lv.8	1
93419	Aversion Crystal Lv.8	1
93420	Cache Crystal Lv.8	1
93421	Predator Crystal Lv.8	1
93422	Cushion Crystal Lv.8	1
93423	Warn Crystal Lv.8	1
93424	Monitoring Crystal Lv.8	1
93425	Guard Crystal Lv.8	1
93426	Appease Crystal Lv.8	1
93427	Thunder Crystal Lv.8	1
93428	Sanction Crystal Lv.8	1
93429	Territory Crystal Lv.8	1
93430	Lockout Crystal Lv.8	1
93431	Chain Ring Crystal Lv.8	1
93432	One Heart Crystal Lv.8	1
93433	Border Crystal Lv.8	1
93434	Wilderness Crystal Lv.8	1
93435	Improve Crystal Lv.8	1
93436	Familiar Crystal Lv.8	1
93437	Fracture Crystal Lv.8	1
93438	Security Crystal Lv.8	1
93439	Ministry Crystal Lv.8	1
93440	Compete Crystal Lv.8	1
93441	Cal Lv.8m Crystal Lv.8	1
93442	Guide Crystal Lv.8	1
93443	Safe Crystal Lv.8	1
93444	Inspiration Crystal Lv.8	1
93445	Sober Crystal Lv.8	1
93446	Silent Crystal Lv.8	1
93447	Superiority Crystal Lv.8	1
93448	Curtain Night Crystal Lv.8	1
93449	Hope Crystal Lv.8	1
93450	Support Crystal Lv.8	1
93451	Eternal Lv.8 Crystal Lv.8	1
93452	Intervene Crystal Lv.8	1
93453	War Crystal Lv.9	1
93454	Flame Crystal Lv.9	1
93455	Turmoil Crystal Lv.9	1
93456	Wrangle Crystal Lv.9	1
93457	Justice Crystal Lv.9	1
93458	Weapon Crystal Lv.9	1
93459	Wrestle Crystal Lv.9	1
93460	Confrontation Crystal Lv.9	1
93461	Outcome Crystal Lv.9	1
93462	Declare War Crystal Lv.9	1
93463	Coercion Crystal Lv.9	1
93464	Horror Crystal Lv.9	1
93465	Tight Crystal Lv.9	1
93466	Violence Crystal Lv.9	1
93467	Blood Crystal Lv.9	1
93468	Madness Crystal Lv.9	1
93469	Poor Soldier Crystal Lv.9	1
93470	Biochemistry Crystal Lv.9	1
93471	Kill Crystal Lv.9	1
93472	Defeat Crystal Lv.9	1
93473	Modivid Crystal Lv.9	1
93474	Protect Crystal Lv.9	1
93475	Fort Crystal Lv.9	1
93476	Imperial Lv.9 Crystal Lv.9	1
93477	Aversion Crystal Lv.9	1
93478	Cache Crystal Lv.9	1
93479	Predator Crystal Lv.9	1
93480	Cushion Crystal Lv.9	1
93481	Warn Crystal Lv.9	1
93482	Monitoring Crystal Lv.9	1
93483	Guard Crystal Lv.9	1
93484	Appease Crystal Lv.9	1
93485	Thunder Crystal Lv.9	1
93486	Sanction Crystal Lv.9	1
93487	Territory Crystal Lv.9	1
93488	Lockout Crystal Lv.9	1
93489	Chain Ring Crystal Lv.9	1
93490	One Heart Crystal Lv.9	1
93491	Border Crystal Lv.9	1
93492	Wilderness Crystal Lv.9	1
93493	Improve Crystal Lv.9	1
93494	Familiar Crystal Lv.9	1
93495	Fracture Crystal Lv.9	1
93496	Security Crystal Lv.9	1
93497	Ministry Crystal Lv.9	1
93498	Compete Crystal Lv.9	1
93499	Cal Lv.9m Crystal Lv.9	1
93500	Guide Crystal Lv.9	1
93501	Safe Crystal Lv.9	1
93502	Inspiration Crystal Lv.9	1
93503	Sober Crystal Lv.9	1
93504	Silent Crystal Lv.9	1
93505	Superiority Crystal Lv.9	1
93506	Curtain Night Crystal Lv.9	1
93507	Hope Crystal Lv.9	1
93508	Support Crystal Lv.9	1
93509	Eternal Lv.9 Crystal Lv.9	1
93510	Intervene Crystal Lv.9	1
93511	Enticement Crystal Lv.1	1
93512	Instruction Crystal Lv.1	1
93513	Enticement Crystal Lv.2	1
93514	Instruction Crystal Lv.2	1
93515	Enticement Crystal Lv.3	1
93516	Instruction Crystal Lv.3	1
93517	Enticement Crystal Lv.4	1
93518	Instruction Crystal Lv.4	1
93519	Enticement Crystal Lv.5	1
93520	Instruction Crystal Lv.5	1
93521	Enticement Crystal Lv.6	1
93522	Instruction Crystal Lv.6	1
93523	Enticement Crystal Lv.7	1
93524	Instruction Crystal Lv.7	1
93525	Enticement Crystal Lv.8	1
93526	Instruction Crystal Lv.8	1
93527	Enticement Crystal Lv.9	1
93528	Instruction Crystal Lv.9	1
