namespace	method	call_count	file_count	arity_min	arity_max
Guild	AddMeritExp	6	6	1	1
Guild	CheckMeritExp	2	2	1	1
Guild	CheckPlayerGuildJob	7	7	1	1
Guild	GetGuildLevel	15	12	0	0
Guild	GetPVPFaction	4	4	0	0
Guild	GiveDailySalary	1	1	0	0
Guild	OpenGuildStorage	1	1	0	0
Guild	SetPVPFaction	1	1	1	1
Instance	AddBonusPoint	2	2	0	1
Instance	AddBonusReward	1	1	0	0
Instance	AddKeyEvent	15	13	1	1
Instance	CallScoreCount	12	12	0	0
Instance	GetInstanceID	14	7	0	0
Instance	GetInstanceId	1	1	0	0
Instance	GetLastingTime	7	7	0	0
Instance	RemoveKeyEvent	2	2	1	1
Instance	SetLastingTime	1	1	1	1
Mob	AddBuff	411	239	2	2
Mob	CallMob	15	15	2	2
Mob	CheckApproachTarget	8	8	0	0
Mob	CheckMobAlive	1	1	1	1
Mob	CheckMobPosition	6	2	5	5
Mob	CheckMobalive	6	6	1	1
Mob	CheckMobbuff	3	3	2	2
Mob	EndMove	15	8	0	1
Mob	ShowAnimation	716	295	1	1
Mob	StartMove	8	8	1	1
Party	CastSkillAt	3	3	1	1
Party	CheckPartyItem	2	2	2	2
Party	CheckSoulmate	1	1	0	0
Party	EnterInstance	5	5	1	1
Party	GetNum	2	2	0	0
Party	Love	2	2	1	1
Party	PartySoul	1	1	0	0
Party	PlayMovie	2	2	1	1
Party	RemovePartyItem	2	2	2	2
Party	ShowMessage	1	1	1	1
Party	SignUpArena	2	2	0	0
Player	AddAndEquip	48	11	2	2
Player	AddBuff	32	17	2	2
Player	AddCash	6	6	1	1
Player	AddExp	2	2	1	1
Player	AddHP	1	1	1	1
Player	AddItem	1430	272	2	2
Player	AddPpClass	2	2	1	1
Player	AddST	1	1	1	1
Player	AddSkillPoint	2	2	1	1
Player	Addmoralized	21	12	1	1
Player	AppraiseCollectPiece	1	1	0	0
Player	AppraiseItem	1	1	0	0
Player	BoatHealth	1	1	1	1
Player	BookBattleField	1	1	1	1
Player	CameraFocus	16	11	1	1
Player	CastSkillAt	69	46	1	1
Player	CastSkillXYZ	2	2	4	4
Player	ChangeShip	1	1	1	1
Player	CheckAchievement	4	1	1	1
Player	CheckAllCollectItemSynthesisBuff	1	1	0	0
Player	CheckBuff	47	25	1	1
Player	CheckCollect	11	11	1	1
Player	CheckEquipItem	14	2	1	1
Player	CheckGender	7	7	1	1
Player	CheckGuild	15	15	0	0
Player	CheckItemNum	211	105	2	2
Player	CheckMoralized	14	14	1	1
Player	CheckParty	2	2	0	0
Player	CheckPartyLeader	4	4	0	0
Player	CheckSkill	6	1	1	1
Player	CheckSoulmate	4	4	0	0
Player	CheckThrowAnyPenpalLetter	2	2	0	0
Player	DropProcess	9	8	1	1
Player	EnableGlide	1	1	0	0
Player	EnterInstance	32	17	1	1
Player	EnterInstanceThenPlayMovie	6	5	2	2
Player	GetBoatHealth	1	1	0	0
Player	GetCash	7	7	0	0
Player	GetClass	60	14	0	0
Player	GetCurrentHP	1	1	0	0
Player	GetCurrentST	1	1	0	0
Player	GetGuildRank	2	2	0	0
Player	GetItemNum	99	72	1	1
Player	GetLv	91	89	0	0
Player	GetMaxHP	1	1	0	0
Player	GetMaxST	1	1	0	0
Player	GetPpClass	1	1	0	0
Player	GiveLvCriteriaPercentageEXP	1	1	0	0
Player	HasAnySailorBeenSummoned	1	1	0	0
Player	ItemAddon	6	4	3	3
Player	LeaveInstance	4	4	0	0
Player	LoadConditionStore	1	1	1	1
Player	LoadInstanceGroup	6	5	1	1
Player	LoadItemExchangeStore	1	1	1	1
Player	LoadSmithStore	1	1	1	1
Player	LoadStore	3	3	1	1
Player	MobAppear	3532	295	2	2
Player	OpenHelpUI	26	23	1	1
Player	OpenStorage	1	1	0	0
Player	OpenUI	31	31	0	2
Player	OutVehicle	11	5	0	0
Player	PlayMovie	7	7	1	1
Player	RemoveBuff	2	2	1	1
Player	RemoveItem	367	137	2	2
Player	ResetMarker	7	7	1	1
Player	ShowMessage	61	45	1	1
Player	SuveryOwner	1	1	0	0
Player	Teleport	35	34	1	1
Player	TeleportCheck	1	1	1	1
Player	TeleportThenPlayMovie	8	7	2	2
Player	TeleportWithVehicle	6	5	1	1
Player	Warp	10	10	4	4
Player	WarpNearestMarker	1	1	0	0
Quest	AddCriteriaCash	165	165	0	0
Quest	AddCriteriaExp	166	166	0	0
Quest	AddCriteriaSkillPoint	166	166	0	0
Quest	AddLvCriteriaCash	58	58	0	0
Quest	AddLvCriteriaExp	59	59	0	0
Quest	AddLvCriteriaSkillPoint	59	59	0	0
Quest	CanReportDailyQuest	61	61	0	0
Quest	CheckGuildOfflineQuest	1	1	0	0
Quest	CheckMobKillCount	138	70	2	2
Quest	CheckOpenTime	9	3	2	2
Quest	CheckWishQuest	1	1	0	0
Quest	CountDownTime	54	54	1	1
Quest	GetFlag	67	67	0	0
Quest	GetMobKillCount	20	1	1	1
Quest	GetQuestFlag	508	366	1	1
Quest	GetWeekDay	48	27	0	0
Quest	MobKillCount	128	70	2	2
Quest	PlayNPCMovie	100	54	2	2
Quest	PlayNPCVoice	8	2	1	1
Quest	ReportDailyQuest	61	61	0	0
Quest	ReportGuildOfflineQuest	1	1	0	0
Quest	RewardItemSelect	1335	221	2	2
Quest	SetFlag	417	304	1	1
Quest	SetQuestFlag	90	51	2	2
Quest	StartGuildOfflineQuest	1	1	0	0
Scene	CamaraShake	2	2	2	2
Scene	ChangeMainMusic	8	6	0	2
Scene	CheckPlacementAlive	65	36	1	1
Scene	CheckPlacementCombat	1	1	1	1
Scene	PlacementCancel	32	15	1	1
Scene	PlacementOFF	173	19	1	1
Scene	PlacementON	96	46	1	1
Trigger	CastSkill	9	9	1	1
Trigger	CastSkillBy	5	5	1	1
Trigger	CastSkillXYZ	11	6	4	4
Trigger	GetContactMode	1	1	1	1
Trigger	GetTeiggerStatus	1	1	1	1
Trigger	GetTriggerStatus	134	71	1	1
Trigger	HideModel	62	47	0	0
Trigger	HideTriggerModel	13	6	0	1
Trigger	NextStatus	353	269	0	0
Trigger	PlayFx	57	44	0	0
Trigger	QuestActiveProgress	8	8	1	1
Trigger	QuestFinishProgress	3	3	1	1
Trigger	SetStatus	2	2	1	1
Trigger	SetTriggerStatus	52	29	2	2
Trigger	StartAnimation	19	18	3	4
Trigger	StartTriggerAnimation	43	23	4	5
Trigger	TriggerShowMessage	55	8	2	2
