message_id	message_type	notify_type
1	35	0
2	35	0
3	35	0
4	35	0
5	35	0
6	35	0
7	35	0
8	35	0
9	35	0
10	35	0
11	33	0
12	35	0
13	35	0
14	35	0
15	1	0
16	1	0
17	35	0
18	35	0
19	35	0
20	35	0
21	35	0
22	35	0
23	35	0
24	35	0
25	1	0
26	35	0
27	3	0
28	37	0
29	37	0
30	35	0
31	2	0
32	2	0
33	35	0
34	34	0
35	35	0
36	32	0
37	34	0
38	36	0
39	64	0
40	128	0
41	256	0
42	34	0
43	36	0
44	35	0
45	3	0
46	35	0
47	35	0
48	35	0
101	36	0
102	35	0
103	35	0
104	35	0
105	35	0
106	35	0
107	35	0
108	35	0
109	35	0
110	35	0
111	34	0
112	34	0
113	34	0
114	35	0
115	35	0
116	3	0
117	3	0
118	67	0
119	3	0
120	35	0
121	1	0
122	35	0
123	1	0
124	1	0
125	1	0
126	9	2
127	35	0
128	35	0
129	3	0
130	1	0
131	1	0
132	1	0
133	3	0
134	1	0
135	35	0
136	35	0
137	35	0
138	1	0
139	35	0
140	35	0
141	35	0
142	66	0
143	1	0
144	67	0
145	3	0
146	34	0
147	34	0
148	1	0
149	1	0
150	1	0
151	131	0
152	3	0
153	35	0
154	67	0
155	1	0
156	35	0
157	1	0
158	1	0
159	34	0
160	34	0
161	2	0
162	35	0
163	35	0
164	35	0
165	67	0
166	9	2
167	35	0
168	35	0
169	3	0
170	3	0
171	3	0
172	67	0
173	1	0
174	34	0
175	34	0
176	1	0
177	34	0
178	34	0
179	1	0
180	1	0
181	1	0
182	35	0
183	1	0
184	1	0
185	13	2
186	13	1
187	34	0
188	3	0
189	35	0
190	35	0
191	67	0
192	35	0
193	35	0
194	35	0
195	35	0
196	3	0
197	1	0
198	1	0
199	1	0
200	1	0
201	1	0
202	1	0
203	1	0
204	1	0
205	131	0
206	131	0
207	259	0
208	1	0
209	35	0
210	13	2
211	35	0
212	35	0
213	35	0
214	35	0
215	35	0
216	35	0
217	35	0
218	3	0
219	35	0
220	35	0
221	0	0
222	37	0
223	1	0
224	1	0
225	35	0
226	35	0
227	37	0
228	35	0
229	35	0
230	1	0
231	9	2
232	9	2
233	35	0
234	1	0
235	1	0
236	35	0
237	35	0
238	35	0
239	35	0
240	35	0
241	35	0
242	8	2
243	1	0
244	36	0
245	5	0
246	1	0
247	1	0
248	35	0
249	35	0
250	65	0
251	2	0
252	35	0
253	1	0
254	3	0
255	3	0
256	35	0
257	35	0
258	35	0
259	5	0
260	5	0
263	3	0
264	1	0
265	35	0
266	5	0
267	35	0
268	11	2
269	3	0
270	8	2
271	35	0
272	67	0
273	3	0
274	3	0
275	35	0
276	35	0
277	67	0
278	1	0
279	3	0
280	35	0
281	67	0
282	3	0
283	5	1
284	35	0
285	8	3
286	5	0
287	5	0
288	5	0
289	5	0
290	5	0
291	5	0
292	35	0
293	35	0
294	5	0
295	5	0
296	3	0
297	35	0
298	3	0
299	1	0
300	1	0
301	1	0
302	1	0
303	1	0
304	3	0
305	35	0
306	3	0
307	3	0
308	35	0
309	35	0
310	67	0
311	35	0
312	35	0
313	67	0
314	2	0
315	2	0
316	9	2
317	1	0
318	35	0
319	34	0
320	3	0
321	35	0
322	65	0
323	9	1
324	9	1
325	3	0
326	2	0
327	2	0
328	2	0
329	2	0
330	2	0
331	2	0
332	2	0
333	2	0
334	2	0
335	2	0
336	2	0
337	35	0
338	67	0
339	65	0
340	67	0
341	9	1
342	35	0
343	1	0
344	1	0
345	1	0
346	1	0
347	3	0
348	3	0
349	5	0
350	35	0
351	36	0
352	66	0
353	5	0
354	5	0
355	5	0
356	5	0
357	5	0
358	34	0
359	35	0
360	35	0
361	9	1
362	9	1
363	1	0
364	9	2
365	9	2
366	36	0
367	3	0
368	131	0
369	3	0
370	4	0
371	36	0
372	3	0
373	4	0
374	67	0
375	4	0
376	34	0
377	4	0
378	4	0
379	4	0
380	36	0
381	4	0
382	4	0
383	2	0
384	2	0
385	2	0
386	2	0
387	2	0
388	1	0
389	1	0
390	1	0
391	1	0
392	9	2
393	3	0
394	3	0
395	35	0
396	35	0
397	34	0
398	34	0
399	11	1
400	11	1
401	5	0
402	1	0
403	1	0
404	1	0
405	1	0
406	1	0
407	1	0
408	1	0
409	1	0
410	1	0
411	1	0
412	1	0
413	3	0
414	2	0
415	2	0
416	2	0
417	35	0
418	3	0
419	8	1
420	3	0
421	3	0
422	5	0
423	5	0
424	35	0
425	9	1
426	5	0
427	67	0
428	35	0
429	35	0
430	35	0
431	0	0
432	4	0
433	2	0
434	34	0
435	66	0
436	2	0
437	66	0
438	36	0
439	36	0
440	36	0
441	1	0
442	2	0
443	2	0
444	3	0
445	3	0
446	2	0
447	35	0
448	2	0
449	3	0
450	3	0
451	3	0
452	3	0
453	5	0
454	5	0
455	5	0
456	5	0
457	3	0
458	35	0
459	66	0
460	66	0
461	66	0
462	66	0
463	66	0
464	66	0
465	66	0
466	66	0
467	3	0
468	5	0
469	35	0
470	35	0
471	1	0
472	35	0
473	35	0
474	35	0
475	35	0
476	35	0
477	35	0
478	35	0
479	35	0
480	66	0
481	66	0
482	66	0
483	66	0
484	66	0
485	3	0
486	66	0
487	1	0
488	40	3
489	3	0
490	66	0
491	66	0
492	66	0
493	35	0
494	35	0
495	35	0
496	35	0
497	35	0
498	66	0
499	3	0
500	3	0
501	35	0
502	259	0
503	1	0
504	35	0
505	35	0
506	8	1
507	8	1
508	35	0
509	8	3
510	1	0
511	1	0
512	3	0
513	3	0
514	3	0
515	3	0
516	3	0
517	3	0
518	3	0
519	3	0
520	3	0
521	3	0
522	3	0
523	3	0
524	3	0
525	3	0
526	3	0
527	33	0
528	3	0
529	2	0
530	3	0
531	35	0
532	35	0
533	35	0
534	35	0
535	33	0
536	3	0
537	3	0
538	3	0
539	1	0
540	1	0
541	2	0
542	2	0
543	2	0
544	2	0
545	2	0
546	3	0
547	2	0
548	35	0
549	3	0
550	3	0
551	3	0
552	3	0
553	3	0
554	3	0
555	3	0
556	3	0
557	3	0
558	3	0
559	3	0
560	3	0
561	3	0
562	3	0
563	3	0
564	3	0
565	3	0
566	3	0
567	3	0
568	3	0
569	3	0
570	3	0
571	3	0
572	3	0
573	3	0
574	3	0
575	35	0
576	3	0
577	3	0
578	8	3
579	1	0
580	1	0
581	3	0
582	3	0
583	3	0
584	3	0
585	3	0
586	3	0
587	3	0
588	1	0
589	35	0
590	3	0
591	1	0
592	3	0
593	3	0
594	3	0
595	3	0
596	3	0
597	3	0
598	3	0
599	3	0
600	3	0
601	3	0
602	3	0
603	131	0
604	3	0
605	3	0
606	3	0
607	3	0
608	3	0
609	3	0
610	3	0
611	3	0
612	3	0
613	1	0
614	1	0
615	1	0
616	3	0
617	1	0
618	1	0
619	1	0
620	1	0
621	1	0
622	3	0
623	3	0
624	3	0
625	3	0
626	3	0
627	3	0
628	9	1
629	1	0
630	3	0
631	3	0
632	3	0
633	3	0
634	3	0
635	75	1
636	9	1
637	3	0
638	3	0
639	3	0
640	3	0
641	67	0
642	35	0
643	3	0
644	3	0
645	1	0
646	1	0
647	2	0
648	2	0
649	2	0
650	2	0
651	2	0
652	2	0
653	2	0
654	2	0
655	2	0
656	2	0
657	2	0
658	2	0
659	2	0
660	2	0
661	4	0
662	2	0
663	2	0
664	2	0
665	2	0
666	2	0
667	1	0
668	35	0
669	35	0
670	3	0
671	2	0
672	2	0
673	2	0
674	2	0
675	2	0
676	2	0
677	2	0
678	2	0
679	2	0
680	2	0
681	5	0
682	3	0
683	3	0
684	4	0
685	3	0
686	9	1
687	35	0
688	5	0
689	5	0
690	3	0
691	66	0
692	8	2
693	3	0
694	3	0
695	3	0
696	3	0
697	3	0
698	3	0
699	3	0
700	67	0
701	3	0
702	5	0
703	66	0
704	66	0
705	515	0
706	1	0
707	2	0
708	2	0
709	2	0
710	2	0
711	2	0
712	2	0
713	66	0
714	2	0
715	66	0
716	2	0
717	2	0
718	2	0
719	2	0
720	2	0
721	2	0
722	2	0
723	2	0
724	2	0
725	2	0
726	2	0
727	66	0
728	3	0
729	2	0
730	2	0
731	2	0
732	2	0
733	2	0
734	2	0
735	2	0
736	3	0
737	34	0
738	3	0
739	2	0
740	3	0
741	3	0
742	3	0
743	3	0
744	3	0
745	34	0
746	65	0
747	33	0
748	34	0
749	35	0
750	8	1
751	66	0
752	35	0
753	34	0
754	34	0
755	3	0
756	3	0
757	35	0
758	2	0
759	66	0
760	3	0
761	3	0
762	68	0
763	34	0
764	34	0
765	2	0
766	3	0
767	2	0
768	3	0
769	3	0
770	3	0
771	2	0
772	2	0
773	2	0
774	2	0
775	3	0
776	3	0
777	3	0
778	3	0
779	3	0
780	3	0
781	3	0
782	3	0
783	3	0
784	3	0
785	37	0
786	3	0
787	3	0
788	2	0
789	2	0
790	3	0
791	2	0
792	3	0
793	3	0
794	3	0
795	3	0
796	3	0
797	3	0
798	3	0
799	3	0
800	3	0
801	3	0
802	4	0
803	3	0
804	3	0
805	3	0
806	3	0
807	3	0
808	3	0
809	2	0
810	3	0
811	3	0
812	3	0
813	3	0
814	2	0
815	2	0
816	2	0
817	3	0
818	3	0
819	2	0
820	34	0
821	35	0
822	2	0
823	2	0
824	2	0
825	2	0
826	2	0
827	2	0
828	2	0
829	2	0
830	2	0
831	2	0
832	2	0
833	2	0
834	3	0
835	2	0
836	2	0
837	2	0
838	2	0
839	2	0
840	2	0
841	2	0
842	2	0
843	2	0
844	2	1
845	2	0
846	1	0
847	3	0
848	3	0
849	2	0
850	2	0
851	2	0
852	2	0
853	2	0
854	3	0
855	3	0
856	3	0
857	3	0
858	3	0
859	3	0
860	3	0
861	3	0
862	3	0
863	3	0
864	3	0
865	3	0
866	2	0
867	2	0
868	1	0
869	2	0
870	2	0
871	1	0
872	3	0
873	3	0
874	3	0
875	1	0
876	1	0
877	2	0
878	2	0
879	35	0
880	35	0
881	2	0
882	2	0
883	2	0
884	2	0
885	2	0
886	5	0
887	3	0
888	2	0
889	2	0
890	3	0
891	3	0
892	3	0
893	3	0
894	3	0
895	3	0
896	2	0
897	3	0
898	3	0
899	3	0
900	3	0
901	3	0
902	3	0
903	66	0
904	34	0
905	34	0
906	34	0
907	66	0
908	34	0
909	3	0
910	34	0
911	34	0
912	3	0
913	3	0
914	3	0
915	3	0
916	3	0
917	3	0
918	3	0
919	3	0
920	3	0
921	3	0
922	34	0
923	66	0
924	34	0
925	3	0
926	1	0
927	34	0
928	34	0
929	66	0
930	34	0
931	34	0
932	2	0
933	66	0
934	35	0
935	2	0
936	2	0
937	2	0
938	2	0
939	1	0
940	3	0
941	3	0
942	3	0
943	3	0
944	3	0
945	3	0
946	3	0
947	3	0
948	3	0
949	3	0
950	3	0
951	3	0
952	3	0
953	3	0
954	3	0
955	3	0
956	3	0
957	3	0
958	3	0
959	3	0
960	3	0
961	3	0
